,AGENCY-COMPANY,HEADQUARTERS,2012-REVENUE,% CHG,AGENCY-NAME,AGENCY-OWNER
0,Epsilon* [Alliance Data Systems Corp.],"Irving, Texas",1060568000,7.3,Epsilon ,Alliance Data Systems Corp.
1,Acxiom Corp.,"Little Rock, Ark.",677954000,3.3,Acxiom Corp.,Independent
2,BBDO Worldwide* [Omnicom],New York,540788000,9.3,BBDO Worldwide ,Omnicom
3,SapientNitro* [Sapient Corp.],Boston,497000000,10.3,SapientNitro ,Sapient Corp.
4,Leo Burnett Worldwide/Arc* [Publicis],Chicago,471450000,5.0,Leo Burnett Worldwide/Arc ,Publicis
5,DraftFCB* [Interpublic],New York,443051000,-15.9,DraftFCB ,Interpublic
6,McCann Erickson Worldwide* [Interpublic],New York,426929000,-5.1,McCann Erickson Worldwide ,Interpublic
7,Rapp* [Omnicom],New York,423454000,1.6,Rapp ,Omnicom
8,DigitasLBi* [Publicis],Boston,407200000,1.8,DigitasLBi ,Publicis
9,Edelman [DJE Holdings],Chicago,406253000,6.0,Edelman ,DJE Holdings
10,Experian Marketing Services [Experian],New York,395000000,,Experian Marketing Services ,Experian
11,Razorfish* [Publicis],New York,390000000,18.2,Razorfish ,Publicis
12,Y&R* [WPP],New York,388500000,5.0,Y&R ,WPP
13,Weber Shandwick* [Interpublic],New York,366210000,3.4,Weber Shandwick ,Interpublic
14,Wunderman* [WPP],New York,354500000,4.0,Wunderman ,WPP
15,JWT* [WPP],New York,351200000,1.9,JWT ,WPP
16,IBM Interactive* [IBM Corp.],Chicago,343350000,,IBM Interactive ,IBM Corp.
17,inVentiv Health Communications*,New York,341500000,,inVentiv Health Communications,Independent
18,Fleishman-Hillard* [Omnicom],St. Louis,325000000,4.7,Fleishman-Hillard ,Omnicom
19,TBWA Worldwide* [Omnicom],New York,321263000,3.3,TBWA Worldwide ,Omnicom
20,Havas Worldwide* [Havas],New York,313457000,,Havas Worldwide ,Havas
21,Merkle,"Columbia, Md.",298700000,4.8,Merkle,Independent
22,DDB Worldwide* [Omnicom],New York,263684000,2.2,DDB Worldwide ,Omnicom
23,Publicis USA* [Publicis],New York,260000000,2.6,Publicis USA ,Publicis
24,OgilvyOne Worldwide* [WPP],New York,258691000,8.0,OgilvyOne Worldwide ,WPP
25,Starcom USA* [Publicis],Chicago,258263000,3.0,Starcom USA ,Publicis
26,Rosetta* [Publicis],"Hamilton, N.J.",257500000,3.0,Rosetta ,Publicis
27,Grey* [WPP],New York,252100000,9.6,Grey ,WPP
28,Saatchi & Saatchi* [Publicis],New York,249757000,6.0,Saatchi & Saatchi ,Publicis
29,Ogilvy & Mather Advertising* [WPP],New York,230200000,8.4,Ogilvy & Mather Advertising ,WPP
30,Ketchum* [Omnicom],New York,228425000,,Ketchum ,Omnicom
31,OMD Worldwide* [Omnicom],New York,228141000,9.0,OMD Worldwide ,Omnicom
32,R/GA* [Interpublic],New York,227000000,3.2,R/GA ,Interpublic
33,GSI Marketing Services* [eBay],"King of Prussia, Pa.",222000000,9.4,GSI Marketing Services ,eBay
34,MRM* [Interpublic],New York,220746000,5.6,MRM ,Interpublic
35,Burson-Marsteller* [WPP],New York,210000000,5.0,Burson-Marsteller ,WPP
36,Zenith Media USA* [Publicis],New York,200895000,13.5,Zenith Media USA ,Publicis
37,McGarryBowen* [Dentsu],New York,200000000,21.2,McGarryBowen ,Dentsu
38,MediaVest USA* [Publicis],New York,193640000,9.9,MediaVest USA ,Publicis
39,Mindshare Worldwide* [WPP],New York,193240000,2.5,Mindshare Worldwide ,WPP
40,Hill Holliday* [Interpublic],Boston,184000000,5.7,Hill Holliday ,Interpublic
41,Havas Health* [Havas],New York,183700000,7.7,Havas Health ,Havas
42,Deutsch* [Interpublic],New York,181053000,3.0,Deutsch ,Interpublic
43,Richards Group,Dallas,180000000,4.0,Richards Group,Independent
44,Wieden & Kennedy*,"Portland, Ore.",179675000,5.6,Wieden & Kennedy,Independent
45,iCrossing* [Hearst Corp.],New York,177100000,10.0,iCrossing ,Hearst Corp.
46,"Goodby, Silverstein & Partners* [Omnicom]",San Francisco,170000000,-12.0,"Goodby, Silverstein & Partners ",Omnicom
47,Integer Group* [Omnicom],"Lakewood, Colo.",165950000,11.0,Integer Group ,Omnicom
48,MEC* [WPP],New York,160169000,-3.0,MEC ,WPP
49,Cramer-Krasselt,Chicago,156562000,2.6,Cramer-Krasselt,Independent
50,MarketStar* [Omnicom],"Ogden, Utah",155843000,9.7,MarketStar ,Omnicom
51,George P. Johnson [Project WorldWide],"Auburn Hills, Mich.",148736000,1.9,George P. Johnson ,Project WorldWide
52,Meredith Xcelerated Marketing [Meredith Corp.],New York,143000000,-15.4,Meredith Xcelerated Marketing ,Meredith Corp.
53,CP&B* [MDC Partners],"Boulder, Colo.",142322000,-5.8,CP&B ,MDC Partners
54,Acquity Group,Chicago,141011000,32.2,Acquity Group,Independent
55,Martin Agency* [Interpublic],"Richmond, Va.",141000000,-6.0,Martin Agency ,Interpublic
56,The Agency Inside Harte-Hanks [Harte-Hanks],"Yardley, Pa.",140001000,-3.5,The Agency Inside Harte-Hanks ,Harte-Hanks
57,Momentum Worldwide* [Interpublic],New York,136149000,13.5,Momentum Worldwide ,Interpublic
58,DraftFCB Healthcare* [Interpublic],New York,133420000,-2.4,DraftFCB Healthcare ,Interpublic
59,Ogilvy CommonHealth Worldwide* [WPP],"Parsippany, N.J.",133400000,-11.1,Ogilvy CommonHealth Worldwide ,WPP
60,Ogilvy Public Relations* [WPP],New York,131000000,2.3,Ogilvy Public Relations ,WPP
61,Interbrand* [Omnicom],New York,128000000,2.0,Interbrand ,Omnicom
62,Carat* [Dentsu],New York,127920000,30.0,Carat ,Dentsu
63,Horizon Media*,New York,127500000,13.9,Horizon Media,Independent
64,RPA,"Santa Monica, Calif.",127000000,3.8,RPA,Independent
65,Hill & Knowlton Strategies* [WPP],New York,126250000,1.0,Hill & Knowlton Strategies ,WPP
66,Organic* [Omnicom],San Francisco,123000000,0.0,Organic ,Omnicom
67,Campbell Ewald* [Interpublic],"Warren, Mich.",121000000,2.5,Campbell Ewald ,Interpublic
68,Zimmerman Advertising* [Omnicom],"Fort Lauderdale, Fla.",120500000,10.6,Zimmerman Advertising ,Omnicom
69,Mullen* [Interpublic],Boston,119367000,12.0,Mullen ,Interpublic
70,GMR Marketing* [Omnicom],"New Berlin, Wis.",117555000,17.6,GMR Marketing ,Omnicom
71,UM* [Interpublic],New York,117433000,-1.7,UM ,Interpublic
72,360i* [Dentsu],New York,116000000,12.1,360i ,Dentsu
73,AKQA* [WPP],San Francisco,114400000,10.0,AKQA ,WPP
74,MediaCom* [WPP],New York,114298000,0.0,MediaCom ,WPP
75,Jack Morton Worldwide* [Interpublic],Boston,113000000,18.1,Jack Morton Worldwide ,Interpublic
76,Arnold Worldwide* [Havas],Boston,112148000,5.8,Arnold Worldwide ,Havas
77,Proximity Worldwide* [Omnicom],New York,111208000,10.0,Proximity Worldwide ,Omnicom
78,MSL Group* [Publicis],Paris,111026000,,MSL Group ,Publicis
79,Deloitte Digital* [Deloitte Touche Tohmatsu],Seattle,110000000,,Deloitte Digital ,Deloitte Touche Tohmatsu
80,Digitas Health* [Publicis],Philadelphia,110000000,-4.3,Digitas Health ,Publicis
81,VML* [WPP],"Kansas City, Mo.",107100000,1.2,VML ,WPP
82,Marketing Arm* [Omnicom],Dallas,106713000,10.0,Marketing Arm ,Omnicom
83,G2* [WPP],New York,105307000,-10.8,G2 ,WPP
84,Gyro*,New York,105000000,9.1,Gyro,Independent
85,GolinHarris* [Interpublic],Chicago,104967000,,GolinHarris ,Interpublic
86,Publicis Modem* [Publicis],Paris,102900000,5.0,Publicis Modem ,Publicis
87,TracyLocke* [Omnicom],Dallas,102000000,2.0,TracyLocke ,Omnicom
88,Waggener Edstrom Worldwide,"Bellevue, Wash.",101352000,0.8,Waggener Edstrom Worldwide,Independent
89,CDM New York* [Omnicom],New York,100000000,-9.1,CDM New York ,Omnicom
90,McCann Health* [Interpublic],New York,100000000,4.4,McCann Health ,Interpublic
91,Goodness Mfg./Trailer Park,Los Angeles,98500000,8.2,Goodness Mfg./Trailer Park,Independent
92,CatapultRPM* [Alliance Data Systems Corp.],"Westport, Conn.",98142000,7.7,CatapultRPM ,Alliance Data Systems Corp.
93,Octagon* [Interpublic],"Norwalk, Conn.",97308000,11.0,Octagon ,Interpublic
94,Initiative* [Interpublic],New York,94472000,0.8,Initiative ,Interpublic
95,MRY* [Publicis],New York,94000000,18.3,MRY ,Publicis
96,Roundarch Isobar* [Dentsu],Chicago,93400000,16.3,Roundarch Isobar ,Dentsu
97,KBS+* [MDC Partners],New York,93322000,2.0,KBS+ ,MDC Partners
98,Critical Mass* [Omnicom],Chicago,93000000,1.1,Critical Mass ,Omnicom
99,Sudler & Hennessey* [WPP],New York,93000000,1.1,Sudler & Hennessey ,WPP
100,McMurry/TMG,New York,90954000,18.4,McMurry/TMG,Independent
101,Hawkeye [Hawkeye Group],Dallas,90530000,6.0,Hawkeye ,Hawkeye Group
102,Doner* [MDC Partners],"Southfield, Mich.",90002000,,Doner ,MDC Partners
103,Possible* [WPP],New York,90000000,7.0,Possible ,WPP
104,Porter Novelli* [Omnicom],New York,87834000,0.0,Porter Novelli ,Omnicom
105,Huge* [Interpublic],"Brooklyn, N.Y.",87263000,16.2,Huge ,Interpublic
106,Ansira,St. Louis,86196000,9.4,Ansira,Independent
107,Havas Media* [Havas],New York,85500000,7.8,Havas Media ,Havas
108,PHD* [Omnicom],New York,84748000,11.6,PHD ,Omnicom
109,TMP Worldwide Advertising & Communications [TMP Worldwide],New York,84407000,5.7,TMP Worldwide Advertising & Communications ,TMP Worldwide
110,OMG Entertainment & Sports* [Omnicom],New York,84094000,4.5,OMG Entertainment & Sports ,Omnicom
111,Olson,Minneapolis,83212000,0.5,Olson,Independent
112,Targetbase* [Omnicom],"Irving, Texas",82432000,0.2,Targetbase ,Omnicom
113,Landor Associates* [WPP],San Francisco,81000000,1.3,Landor Associates ,WPP
114,MediaWhiz [Matomy Media Group],New York,79619000,-30.3,MediaWhiz ,Matomy Media Group
115,Derse*,Milwaukee,77919000,28.5,Derse,Independent
116,Brunswick Group*,London,76100000,7.9,Brunswick Group,Independent
117,Cohn & Wolfe* [WPP],New York,76000000,1.5,Cohn & Wolfe ,WPP
118,Apco Worldwide,Washington,75255000,3.2,Apco Worldwide,Independent
119,SourceLink,"Itasca, Ill.",75100000,10.9,SourceLink,Independent
120,AbelsonTaylor,Chicago,74368000,-4.0,AbelsonTaylor,Independent
121,Moxie* [Publicis],Atlanta,71300000,-0.3,Moxie ,Publicis
122,Brierley & Partners* [WPP],"Plano, Texas",70000000,16.7,Brierley & Partners ,WPP
123,Match Marketing Group,"Mississauga, Ontario",67250000,17.0,Match Marketing Group,Independent
124,GSD&M* [Omnicom],"Austin, Texas",67000000,-1.5,GSD&M ,Omnicom
125,22squared,Atlanta,66657000,3.1,22squared,Independent
126,FTI Consulting* (Strategic Communications),New York,66351000,-7.5,FTI Consulting (Strategic Communications),Independent
127,ePrize,"Pleasant Ridge, Mich.",65221000,21.3,ePrize,Independent
128,Group360 Worldwide,St. Louis,65000000,44.4,Group360 Worldwide,Independent
129,Parago,"Lewisville, Texas",64097000,2.6,Parago,Independent
130,GlobalHue*,"Southfield, Mich.",63925000,-2.1,GlobalHue,Independent
131,Team Enterprises* [MDC Partners],"Fort Lauderdale, Fla.",63600000,6.0,Team Enterprises ,MDC Partners
132,Maxus* [WPP],New York,63338000,85.0,Maxus ,WPP
133,CAHG* [Omnicom],Chicago,63000000,-5.3,CAHG ,Omnicom
134,Harrison & Star* [Omnicom],New York,62852000,-2.1,Harrison & Star ,Omnicom
135,Team One* [Publicis],"El Segundo, Calif.",62477000,7.0,Team One ,Publicis
136,Klick Health [Klick Inc.],Toronto,62425000,26.9,Klick Health ,Klick Inc.
137,iProspect* [Dentsu],Boston,62400000,6.3,iProspect ,Dentsu
138,Resource,"Columbus, Ohio",62000000,3.3,Resource,Independent
139,Glover Park Group* [WPP],Washington,61934000,3.2,Glover Park Group ,WPP
140,ICC Lowe* [Interpublic],"Parsippany, N.J.",61300000,-8.0,ICC Lowe ,Interpublic
141,Optimedia International U.S.* [Publicis],New York,61200000,27.5,Optimedia International U.S. ,Publicis
142,DDB Health/DDB Remedy* [Omnicom],New York,60000000,0.0,DDB Health/DDB Remedy ,Omnicom
143,Huntsworth Health* [Huntsworth],"Yardley, Pa.",59788000,14.6,Huntsworth Health ,Huntsworth
144,TBA Global,New York,59000000,13.5,TBA Global,Independent
145,Merkley & Partners* [Omnicom],New York,58800000,12.0,Merkley & Partners ,Omnicom
146,Global Experience Specialists* [Viad Corp.],Las Vegas,58700000,2.3,Global Experience Specialists ,Viad Corp.
147,PureRed,"Stone Mountain, Ga.",58686000,14.0,PureRed,Independent
148,Blast Radius* [WPP],New York,58000000,1.0,Blast Radius ,WPP
149,Saatchi & Saatchi Health & Wellness* [Publicis],New York,58000000,-17.7,Saatchi & Saatchi Health & Wellness ,Publicis
150,Periscope,Minneapolis,57872000,12.4,Periscope,Independent
151,Siegel & Gale* [Omnicom],New York,57743000,1.7,Siegel & Gale ,Omnicom
152,Tribal Worldwide* [Omnicom],New York,57573000,4.5,Tribal Worldwide ,Omnicom
153,W2O Group,San Francisco,56097000,26.1,W2O Group,Independent
154,Rauxa*,"Costa Mesa, Calif.",55336000,30.1,Rauxa,Independent
155,PlattForm Advertising,"Lenexa, Kan.",54569000,,PlattForm Advertising,Independent
156,Pacific Communications,"Costa Mesa, Calif.",53520000,8.6,Pacific Communications,Independent
157,VivaKi* [Publicis],Chicago,53025000,,VivaKi ,Publicis
158,Moroch Partners,Dallas,52906000,14.5,Moroch Partners,Independent
159,GMMB* [Omnicom],Washington,52000000,26.8,GMMB ,Omnicom
160,Javelin Marketing Group* [Omnicom],"Irving, Texas",52000000,4.0,Javelin Marketing Group ,Omnicom
161,OgilvyAction* [WPP],New York,51400000,6.9,OgilvyAction ,WPP
162,Intouch Solutions,"Overland Park, Kan.",51188000,30.7,Intouch Solutions,Independent
163,OMG Outdoor Media Group* [Omnicom],New York,50400000,4.5,OMG Outdoor Media Group ,Omnicom
164,Ivie & Associates,"Flower Mound, Texas",50380000,19.5,Ivie & Associates,Independent
165,72andSunny Partners* [MDC Partners],Los Angeles,50356000,65.5,72andSunny Partners ,MDC Partners
166,R2C Group,"Portland, Ore.",46558000,-5.7,R2C Group,Independent
167,R&R Partners,Las Vegas,46494000,13.0,R&R Partners,Independent
168,Campbell Mithun* [Interpublic],Minneapolis,46000000,,Campbell Mithun ,Interpublic
169,Havas PR* [Havas],New York,45990000,2.2,Havas PR ,Havas
170,MWW Group,"East Rutherford, N.J.",45908000,11.3,MWW Group,Independent
171,Publicis Life Brands Medicus* [Publicis],New York,45000000,-26.2,Publicis Life Brands Medicus ,Publicis
172,Marketing Store,Chicago,44822000,-18.6,Marketing Store,Independent
173,Wasserman Media Group*,Los Angeles,43753000,11.0,Wasserman Media Group,Independent
174,Neo@Ogilvy* [WPP],New York,43700000,-11.2,Neo@Ogilvy ,WPP
175,Bernstein-Rein Advertising,"Kansas City, Mo.",43026000,-0.2,Bernstein-Rein Advertising,Independent
176,Russ Reid Co.* [Omnicom],"Pasadena, Calif.",42320000,7.1,Russ Reid Co. ,Omnicom
177,CementBloc,New York,41600000,-1.5,CementBloc,Independent
178,MKTG,New York,41581000,12.8,MKTG,Independent
179,Band Digital*,Chicago,41210000,0.0,Band Digital,Independent
180,U.S. International Media*,Los Angeles,41163000,7.1,U.S. International Media,Independent
181,Paradysz,New York,41043000,8.5,Paradysz,Independent
182,BFG Communications,"Bluffton, S.C.",41033000,11.6,BFG Communications,Independent
183,AgencyRx* [Omnicom],New York,41000000,-2.4,AgencyRx ,Omnicom
184,Carmichael Lynch* [Interpublic],Minneapolis,41000000,,Carmichael Lynch ,Interpublic
185,GHG* [WPP],New York,41000000,-8.5,GHG ,WPP
186,Grayling* [Huntsworth],London,40880000,-12.9,Grayling ,Huntsworth
187,Fallon* [Publicis],Minneapolis,40479000,-10.3,Fallon ,Publicis
188,Performics* [Publicis],Chicago,40460000,19.0,Performics ,Publicis
189,Kekst & Co.* [Publicis],New York,40319000,,Kekst & Co. ,Publicis
190,Water Cooler Group*,"Norwalk, Conn.",40000000,,Water Cooler Group,Independent
191,Hacker Group* [Interpublic],Seattle,39936000,-4.0,Hacker Group ,Interpublic
192,Switch,St. Louis,39800000,22.1,Switch,Independent
193,"Butler, Shine, Stern & Partners","Sausalito, Calif.",39780000,15.0,"Butler, Shine, Stern & Partners",Independent
194,JWT Inside* [WPP],New York,39700000,2.6,JWT Inside ,WPP
195,Barkley,"Kansas City, Mo.",39521000,7.6,Barkley,Independent
196,Droga5,New York,39500000,40.6,Droga5,Independent
197,RLM Finsbury* [WPP],New York,39300000,0.8,RLM Finsbury ,WPP
198,CDMiConnect* [Omnicom],New York,39000000,,CDMiConnect ,Omnicom
199,Engauge,"Columbus, Ohio",38958000,8.8,Engauge,Independent
200,"Venables, Bell & Partners",San Francisco,38879000,29.8,"Venables, Bell & Partners",Independent
201,Mars Advertising,"Southfield, Mich.",38672000,3.8,Mars Advertising,Independent
202,SMG Performance Marketing* [Publicis],New York,38295000,3.5,SMG Performance Marketing ,Publicis
203,Resolution Media* [Omnicom],Chicago,38042000,21.0,Resolution Media ,Omnicom
204,E-Graphics Worldwide* [Omnicom],"Long Beach, Calif.",37740000,2.0,E-Graphics Worldwide ,Omnicom
205,HL Group* [MDC Partners],New York,37618000,26.0,HL Group ,MDC Partners
206,Definition 6,Atlanta,37609000,3.4,Definition 6,Independent
207,Ackerman McQueen,Oklahoma City,37590000,27.7,Ackerman McQueen,Independent
208,Marc USA,Pittsburgh,37200000,15.8,Marc USA,Independent
209,Bader Rutter & Associates,"Brookfield, Wis.",37028000,12.8,Bader Rutter & Associates,Independent
210,ICR,"Norwalk, Conn.",36554000,14.1,ICR,Independent
211,Grizzard Communications Group* [Omnicom],Atlanta,36435000,5.3,Grizzard Communications Group ,Omnicom
212,Anderson Direct Marketing,"Poway, Calif.",36361000,39.8,Anderson Direct Marketing,Independent
213,Dachis Group*,"Austin, Texas",36260000,14.5,Dachis Group,Independent
214,A.B. Data,Milwaukee,36129000,38.4,A.B. Data,Independent
215,Spark SMG* [Publicis],Chicago,35958000,7.7,Spark SMG ,Publicis
216,Marketing Werks,Chicago,35920000,1.9,Marketing Werks,Independent
217,Eric Mower & Associates,"Syracuse, N.Y.",35397000,4.6,Eric Mower & Associates,Independent
218,Allen & Gerritsen,Boston,35363000,11.0,Allen & Gerritsen,Independent
219,BGT Partners,"Hallandale Beach, Fla.",35000000,4.3,BGT Partners,Independent
220,Team Epic* [Dentsu],"Norwalk, Conn.",34800000,4.8,Team Epic ,Dentsu
221,Allied Integrated Marketing,"Cambridge, Mass.",34704000,16.2,Allied Integrated Marketing,Independent
222,Pop* [Advance Publications],Seattle,34408000,34.5,Pop ,Advance Publications
223,Saatchi & Saatchi X* [Publicis],"Springdale, Ark.",34201000,1.5,Saatchi & Saatchi X ,Publicis
224,Mother New York [Mother Holdings],New York,34000000,4.0,Mother New York ,Mother Holdings
225,Ruder Finn [Ruder Finn Group],New York,33704000,-10.8,Ruder Finn ,Ruder Finn Group
226,David & Goliath*,"El Segundo, Calif.",33557000,16.1,David & Goliath,Independent
227,Anomaly* [MDC Partners],New York,33550000,85.4,Anomaly ,MDC Partners
228,Colle & McVoy* [MDC Partners],Minneapolis,33294000,13.4,Colle & McVoy ,MDC Partners
229,Source Marketing* [MDC Partners],"Norwalk, Conn.",33100000,22.0,Source Marketing ,MDC Partners
230,Digitaria* [WPP],San Diego,33000000,37.5,Digitaria ,WPP
231,The Search Agency*,Los Angeles,32987000,2.7,The Search Agency,Independent
232,DKC,New York,32897000,20.0,DKC,Independent
233,Bartle Bogle Hegarty* [Publicis],London,32692000,-14.2,Bartle Bogle Hegarty ,Publicis
234,Geary LSF Group,San Francisco,32574000,,Geary LSF Group,Independent
235,Acronym,New York,32500000,4.8,Acronym,Independent
236,Bravo Group* [WPP],Miami,32000000,1.6,Bravo Group ,WPP
237,Brunner,Pittsburgh,32000000,2.4,Brunner,Independent
238,Laughlin Constable,Milwaukee,31750000,6.4,Laughlin Constable,Independent
239,McKinney [Cheil Worldwide],"Durham, N.C.",31609000,-15.5,McKinney ,Cheil Worldwide
240,Mercury Media,"Santa Monica, Calif.",31563000,16.3,Mercury Media,Independent
241,Quigley-Simpson,Los Angeles,31511000,4.5,Quigley-Simpson,Independent
242,Global Advertising Strategies,New York,31500000,18.9,Global Advertising Strategies,Independent
243,Marina Maher Communications* [Omnicom],New York,31350000,4.5,Marina Maher Communications ,Omnicom
244,BVK,Milwaukee,31300000,-2.8,BVK,Independent
245,Brodeur Partners*,Boston,30600000,,Brodeur Partners,Independent
246,Covario*,San Diego,30451000,30.8,Covario,Independent
247,Kinetic* [WPP],London,30300000,4.8,Kinetic ,WPP
248,Davis Elen Advertising,Los Angeles,30187000,3.3,Davis Elen Advertising,Independent
249,Cramer,"Norwood, Mass.",30000000,3.4,Cramer,Independent
250,Razorfish Healthware* [Publicis],New York,30000000,15.4,Razorfish Healthware ,Publicis
251,Translation,New York,30000000,57.9,Translation,Independent
252,Star Group*,"Voorhees, N.J.",29989000,25.3,Star Group,Independent
253,Doremus* [Omnicom],New York,29970000,25.0,Doremus ,Omnicom
254,LatinWorks* [Omnicom],"Austin, Texas",29655000,25.7,LatinWorks ,Omnicom
255,Qorvis Communications*,Washington,29500000,0.0,Qorvis Communications,Independent
256,Iostudio,"Nashville, Tenn.",29400000,7.8,Iostudio,Independent
257,Rockfish* [WPP],"Rogers, Ark.",29376000,35.0,Rockfish ,WPP
258,Inter/Media Advertising*,"Woodland Hills, Calif.",29198000,12.3,Inter/Media Advertising,Independent
259,Amp Agency,Boston,29048000,26.0,Amp Agency,Independent
260,Lopez Negrete Communications,Houston,29017000,2.7,Lopez Negrete Communications,Independent
261,RTC* [WPP],Washington,29000000,11.5,RTC ,WPP
262,Martin Williams* [Omnicom],Minneapolis,28875000,0.0,Martin Williams ,Omnicom
263,Ayzenberg Group,"Pasadena, Calif.",28800000,14.7,Ayzenberg Group,Independent
264,FutureBrand* [Interpublic],London,28500000,9.6,FutureBrand ,Interpublic
265,SK&G,Las Vegas,28100000,,SK&G,Independent
266,Enlighten,"Ann Arbor, Mich.",28000000,12.0,Enlighten,Independent
267,CMD,"Portland, Ore.",27218000,0.4,CMD,Independent
268,BKV,"Overland Park, Kan.",27200000,-0.7,BKV,Independent
269,Lunchbox* [WPP],Los Angeles,27000000,,Lunchbox ,WPP
270,WDCW,Seattle,27000000,8.0,WDCW,Independent
271,Fusion Marketing,St. Louis,26900000,24.0,Fusion Marketing,Independent
272,T3,"Austin, Texas",26729000,16.3,T3,Independent
273,Conill* [Publicis],"Torrance, Calif.",26663000,14.6,Conill ,Publicis
274,Finn Partners [Ruder Finn Group],New York,26546000,15.1,Finn Partners ,Ruder Finn Group
275,Fitch* [WPP],"Columbus, Ohio",26351000,34.0,Fitch ,WPP
276,MMGY Global,"Kansas City, Mo.",26172000,0.7,MMGY Global,Independent
277,CMI/Compas,"King of Prussia, Pa.",26000000,0.0,CMI/Compas,Independent
278,Dudnyk Exchange*,"Horsham, Pa.",26000000,6.1,Dudnyk Exchange,Independent
279,Adcom Group,Cleveland,25944000,25.7,Adcom Group,Independent
280,Giant,San Francisco,25900000,44.7,Giant,Independent
281,Alcone Marketing* [Omnicom],"Irvine, Calif.",25874000,4.1,Alcone Marketing ,Omnicom
282,CCG Marketing Solutions*,"West Caldwell, N.J.",25760000,10.0,CCG Marketing Solutions,Independent
283,Heartbeat Ideas,New York,25349000,58.1,Heartbeat Ideas,Independent
284,Dailey* [Interpublic],"West Hollywood, Calif.",25300000,10.0,Dailey ,Interpublic
285,Gotham* [Interpublic],New York,25200000,-10.0,Gotham ,Interpublic
286,Wire Stone,San Francisco,25200000,1.8,Wire Stone,Independent
287,Allison & Partners* [MDC Partners],San Francisco,25021000,29.0,Allison & Partners ,MDC Partners
288,Discovery Chicago* [Publicis],Chicago,25000000,92.3,Discovery Chicago ,Publicis
289,Integrated Media Solutions* [MDC Partners],New York,24750000,-19.6,Integrated Media Solutions ,MDC Partners
290,Osborn Barr,St. Louis,24500000,3.6,Osborn Barr,Independent
291,Magnani Caruso Dutton,New York,24500000,5.4,Magnani Caruso Dutton,Independent
292,Empower MediaMarketing*,Cincinnati,24115000,6.0,Empower MediaMarketing,Independent
293,CDM Princeton* [Omnicom],"Princeton, N.J.",24000000,,CDM Princeton ,Omnicom
294,Peter A. Mayer Advertising,New Orleans,23926000,33.5,Peter A. Mayer Advertising,Independent
295,Big Fuel* [Publicis],New York,23860000,-14.8,Big Fuel ,Publicis
296,KSL Media*,New York,23680000,5.2,KSL Media,Independent
297,Berry Network Digital Advertising*,"Dayton, Ohio",23500000,,Berry Network Digital Advertising,Independent
298,Vitro* [MDC Partners],San Diego,23212000,,Vitro ,MDC Partners
299,Blue State Digital* [WPP],New York,23169000,6.0,Blue State Digital ,WPP
300,Fahlgren Mortine,"Columbus, Ohio",23001000,4.9,Fahlgren Mortine,Independent
301,Burrell Communications Group* [Publicis],Chicago,23000000,0.0,Burrell Communications Group ,Publicis
302,Designkitchen* [WPP],Chicago,23000000,35.3,Designkitchen ,WPP
303,Just Marketing International*,"Zionsville, Ind.",23000000,0.0,Just Marketing International,Independent
304,TM Advertising* [Interpublic],Dallas,22962000,-3.5,TM Advertising ,Interpublic
305,Eleven,San Francisco,22944000,3.9,Eleven,Independent
306,Regan Communications [Regan Communications Group],Boston,22906000,10.0,Regan Communications ,Regan Communications Group
307,GA Communication Group,Chicago,22900000,10.1,GA Communication Group,Independent
308,Upshot,Chicago,22800000,8.8,Upshot,Independent
309,Macquarium Intelligent Communications*,Atlanta,22514000,-22.0,Macquarium Intelligent Communications,Independent
310,Biolumina* [Omnicom],New York,22500000,12.5,Biolumina ,Omnicom
311,Eveo,San Francisco,22000000,-2.2,Eveo,Independent
312,180 Amsterdam/180LA* [Omnicom],"Amsterdam/Santa Monica, Calif.",21500000,7.5,180 Amsterdam/180LA ,Omnicom
313,Marquette Group,"Peoria, Ill.",21391000,2.3,Marquette Group,Independent
314,Kern Organization* [Omnicom],"Woodland Hills, Calif.",21336000,1.6,Kern Organization ,Omnicom
315,Barbarian Group [Cheil Worldwide],New York,21177000,23.4,Barbarian Group ,Cheil Worldwide
316,Didit,"Mineola, N.Y.",21100000,,Didit,Independent
317,Profero,New York,21000000,8.2,Profero,Independent
318,Zeno Group [DJE Holdings],New York,20799000,48.1,Zeno Group ,DJE Holdings
319,Phonevalley* [Publicis],Boston,20500000,2.5,Phonevalley ,Publicis
320,Tapestry* [Publicis],Chicago,20500000,11.4,Tapestry ,Publicis
321,Gage,Minneapolis,20400000,11.5,Gage,Independent
322,rEvolution,Chicago,20371000,-13.3,rEvolution,Independent
323,Avrett Free Ginsberg* [Interpublic],New York,20300000,0.0,Avrett Free Ginsberg ,Interpublic
324,Sterling-Rice Group,"Boulder, Colo.",20247000,-3.8,Sterling-Rice Group,Independent
325,Creative Alliance*,"Louisville, Ky.",20120000,-7.6,Creative Alliance,Independent
326,Coyne Public Relations,"Parsippany, N.J.",20027000,12.5,Coyne Public Relations,Independent
327,Nurun* [Quebecor Media's Nurun],Montreal,20000000,3.6,Nurun ,Quebecor Media's Nurun
328,Pereira & O'Dell [Grupo ABC],San Francisco,20000000,35.1,Pereira & O'Dell ,Grupo ABC
329,UniWorld Group* [WPP],"Brooklyn, N.Y.",20000000,5.3,UniWorld Group ,WPP
330,FKM,Houston,19978000,6.3,FKM,Independent
331,Alma* [Omnicom],Miami,19929000,16.0,Alma ,Omnicom
332,Taylor,New York,19800000,3.7,Taylor,Independent
333,Gibbs & Soell*,New York,19735000,34.2,Gibbs & Soell,Independent
334,Factory Design Labs,Denver,19574000,22.1,Factory Design Labs,Independent
335,Liquid Agency,"San Jose, Calif.",19566000,60.6,Liquid Agency,Independent
336,Marketing Support,Chicago,19548000,17.7,Marketing Support,Independent
337,Code & Theory,New York,19500000,18.2,Code & Theory,Independent
338,Smith,Seattle,19500000,-30.4,Smith,Independent
339,McCormick Co.,"Amarillo, Texas",19311000,12.7,McCormick Co.,Independent
340,Laird & Partners* [MDC Partners],New York,19269000,7.1,Laird & Partners ,MDC Partners
341,Cone Communications* [Omnicom],Boston,19250000,1.3,Cone Communications ,Omnicom
342,Biggs Gilmore,"Kalamazoo, Mich.",19096000,7.7,Biggs Gilmore,Independent
343,Serino/Coyne* [Omnicom],New York,19055000,24.5,Serino/Coyne ,Omnicom
344,Zubi Advertising Services,"Coral Gables, Fla.",19000000,0.5,Zubi Advertising Services,Independent
345,HY Connect,Chicago,18963000,21.8,HY Connect,Independent
346,Cooney/Waters Group [Creston],New York,18961000,-7.2,Cooney/Waters Group ,Creston
347,EffectiveUI* [WPP],Denver,18900000,-9.1,EffectiveUI ,WPP
348,Flashpoint Medica* [Omnicom],New York,18860000,15.0,Flashpoint Medica ,Omnicom
349,Dieste* [Omnicom],Dallas,18700000,0.0,Dieste ,Omnicom
350,OutCast Agency [Next Fifteen Communications Group],San Francisco,18700000,3.9,OutCast Agency ,Next Fifteen Communications Group
351,De la Cruz Group,"Guaynabo, P.R.",18507000,11.5,De la Cruz Group,Independent
352,JWT Action* [WPP],"Akron, Ohio",18500000,-7.5,JWT Action ,WPP
353,MV42* [Publicis],New York,18480000,12.0,MV42 ,Publicis
354,Tris3ct,Chicago,18449000,20.0,Tris3ct,Independent
355,LLNS* [Omnicom],New York,18418000,-3.1,LLNS ,Omnicom
356,Moosylvania*,St. Louis,18418000,0.9,Moosylvania,Independent
357,Text 100* [Next Fifteen Communications Group],New York,18394000,1.0,Text 100 ,Next Fifteen Communications Group
358,Dentsu America* [Dentsu],New York,18242000,3.4,Dentsu America ,Dentsu
359,Entree Health* [Omnicom],New York,18143000,16.3,Entree Health ,Omnicom
360,Blue Chip Marketing Worldwide*,"Northbrook, Ill.",18130000,34.3,Blue Chip Marketing Worldwide,Independent
361,HealthEd,"Clark, N.J.",18000000,-14.3,HealthEd,Independent
362,Ignited,"El Segundo, Calif.",18000000,2.9,Ignited,Independent
363,Images USA,Atlanta,18000000,12.5,Images USA,Independent
364,Via Agency,"Portland, Maine",18000000,17.7,Via Agency,Independent
365,Greater Than One,New York,17900000,11.2,Greater Than One,Independent
366,Sigma Group,"Oradell, N.J.",17700000,7.3,Sigma Group,Independent
367,MMB*,Boston,17629000,8.8,MMB,Independent
368,Adams & Knight,"Avon, Conn.",17613000,41.7,Adams & Knight,Independent
369,Cadient Group*,"King of Prussia, Pa.",17600000,0.0,Cadient Group,Independent
370,Partners & Napier [Project WorldWide],"Rochester, N.Y.",17550000,-8.1,Partners & Napier ,Project WorldWide
371,Agency 720* [Omnicom],Detroit,17500000,16.8,Agency 720 ,Omnicom
372,French/West/Vaughan,"Raleigh, N.C.",17186000,25.4,French/West/Vaughan,Independent
373,Risdall Advertising*,"New Brighton, Minn.",17090000,17.0,Risdall Advertising,Independent
374,EPAM Empathy Lab,"Conshohocken, Pa.",17000000,6.3,EPAM Empathy Lab,Independent
375,Legacy Marketing Partners [RiverNorth Group (KB Holdings)],Chicago,17000000,-5.6,Legacy Marketing Partners ,RiverNorth Group
376,Schafer Condon Carter,Chicago,16990000,9.8,Schafer Condon Carter,Independent
377,Sundog,"Fargo, N.D.",16987000,15.5,Sundog,Independent
378,Walton Isaacson,"Culver City, Calif./Chicago",16978000,35.8,Walton Isaacson,Independent
379,Padilla Speer Beardsley,Minneapolis,16876000,-5.4,Padilla Speer Beardsley,Independent
380,Space150,Minneapolis,16844000,-2.2,Space150,Independent
381,Sawtooth,"Red Bank, N.J.",16815000,3.0,Sawtooth,Independent
382,TargetCast* [MDC Partners],New York,16800000,12.0,TargetCast ,MDC Partners
383,Riester,Phoenix,16761000,15.6,Riester,Independent
384,Red Interactive Agency*,"Santa Monica, Calif.",16650000,15.6,Red Interactive Agency,Independent
385,AdAsia Communications,"Englewood Cliffs, N.J.",16604000,,AdAsia Communications,Independent
386,Firstborn* [Dentsu],New York,16500000,0.0,Firstborn ,Dentsu
387,Grupo Gallegos,"Huntington Beach, Calif.",16500000,6.5,Grupo Gallegos,Independent
388,TBC,Baltimore,16300000,8.7,TBC,Independent
389,Power Creative,"Louisville, Ky.",16281000,6.8,Power Creative,Independent
390,Mastermind Marketing,Atlanta,16200000,9.5,Mastermind Marketing,Independent
391,Emanate* [Omnicom],New York,16188000,25.0,Emanate ,Omnicom
392,Peppercom,New York,16173000,10.7,Peppercom,Independent
393,Fitzgerald & Co.* [Interpublic],Atlanta,16160000,0.0,Fitzgerald & Co. ,Interpublic
394,Marcus Thomas,Cleveland,16086000,7.0,Marcus Thomas,Independent
395,Blitz Agency,"Santa Monica, Calif.",16058000,10.9,Blitz Agency,Independent
396,Berlin Cameron United* [WPP],New York,16000000,7.7,Berlin Cameron United ,WPP
397,Luckie & Co.,"Birmingham, Ala.",16000000,-5.9,Luckie & Co.,Independent
398,Mekanism*,San Francisco,16000000,0.0,Mekanism,Independent
399,La Comunidad,Miami,15800000,11.3,La Comunidad,Independent
400,LeadDog Marketing Group,New York,15760000,31.0,LeadDog Marketing Group,Independent
401,Roberts & Langer DDB* [Omnicom],New York,15716000,10.0,Roberts & Langer DDB ,Omnicom
402,GlynnDevins Advertising & Marketing,"Overland Park, Kan.",15689000,32.3,GlynnDevins Advertising & Marketing,Independent
403,RevHealth,"Morristown, N.J.",15630000,22.5,RevHealth,Independent
404,Intermark Group,"Birmingham, Ala.",15600000,-26.5,Intermark Group,Independent
405,Evolution Bureau* [Omnicom],San Francisco,15500000,3.3,Evolution Bureau ,Omnicom
406,Fuseideas,"Winchester, Mass.",15500000,82.4,Fuseideas,Independent
407,Swanson Russell,"Lincoln, Neb.",15353000,11.5,Swanson Russell,Independent
408,GlobalWorks Group,New York,15350000,4.1,GlobalWorks Group,Independent
409,LehmanMillet* [HealthStar Communications],Boston,15300000,0.0,LehmanMillet ,HealthStar Communications
410,Della Femina/Rothschild/Jeary & Partners*,New York,15281000,-2.6,Della Femina/Rothschild/Jeary & Partners,Independent
411,RKG,"Charlottesville, Va.",15147000,87.6,RKG,Independent
412,Fathom,"Valley View, Ohio",15115000,15.1,Fathom,Independent
413,Omelet,"Culver City, Calif.",15100000,228.3,Omelet,Independent
414,Tierney* [Interpublic],Philadelphia,15000000,0.0,Tierney ,Interpublic
415,Iris [Iris Worldwide],New York,14999000,36.0,Iris ,Iris Worldwide
416,Wing* [WPP],New York,14942000,5.6,Wing ,WPP
417,Lockard & Wechsler Direct,"Irvington, N.Y.",14920000,19.8,Lockard & Wechsler Direct,Independent
418,Sanders/Wingo,"El Paso, Texas",14906000,4.8,Sanders/Wingo,Independent
419,Struck,Salt Lake City,14794000,-10.0,Struck,Independent
420,Cheil Worldwide,New York,14656000,10.6,Cheil Worldwide,Independent
421,Hunter Public Relations,New York,14554000,21.0,Hunter Public Relations,Independent
422,M Booth [Next Fifteen Communications Group],New York,14551000,3.2,M Booth ,Next Fifteen Communications Group
423,Ignite Social Media*,"Cary, N.C.",14520000,,Ignite Social Media,Independent
424,PJA Advertising & Marketing,"Cambridge, Mass.",14500000,32.5,PJA Advertising & Marketing,Independent
425,SBC Advertising,"Columbus, Ohio",14455000,7.2,SBC Advertising,Independent
426,GKV,Baltimore,14370000,13.1,GKV,Independent
427,Rivet* [Interpublic],Chicago,14280000,2.0,Rivet ,Interpublic
428,Direct Partners* [Omnicom],"Marina del Rey, Calif.",14229000,-13.2,Direct Partners ,Omnicom
429,Shift Communications,"Newton, Mass.",14226000,17.2,Shift Communications,Independent
430,Kang & Lee Advertising* [WPP],New York,14200000,-13.3,Kang & Lee Advertising ,WPP
431,5W Public Relations,New York,14189000,13.9,5W Public Relations,Independent
432,Connelly Partners,Boston,14120000,15.6,Connelly Partners,Independent
433,Northlich*,Cincinnati,14000000,0.0,Northlich,Independent
434,R2integrated,Baltimore,13985000,26.1,R2integrated,Independent
435,Fuse,St. Louis,13983000,71.5,Fuse,Independent
436,Gravity Media,New York,13966000,71.1,Gravity Media,Independent
437,Concentric Health Experience* [MDC Partners],New York,13925000,8.3,Concentric Health Experience ,MDC Partners
438,Area203 Digital,"Chattanooga, Tenn.",13900000,65.5,Area203 Digital,Independent
439,Agency212*,New York,13875000,2.8,Agency212,Independent
440,KHJ Brand Activation,Boston,13780000,3.9,KHJ Brand Activation,Independent
441,RJ Palmer* [MDC Partners],New York,13737000,5.1,RJ Palmer ,MDC Partners
442,McGarrah Jessee,"Austin, Texas",13726000,7.4,McGarrah Jessee,Independent
443,Mitchell Communications Group* [Dentsu],"Fayetteville, Ark.",13680000,33.6,Mitchell Communications Group ,Dentsu
444,Response Mine Interactive,Atlanta,13669000,39.3,Response Mine Interactive,Independent
445,Archer Malmo,"Memphis, Tenn.",13660000,18.4,Archer Malmo,Independent
446,Hoffman/Lewis,San Francisco,13636000,21.6,Hoffman/Lewis,Independent
447,Buntin Group,"Nashville, Tenn.",13500000,-12.3,Buntin Group,Independent
448,Oneupweb,"Traverse City, Mich.",13500000,3.8,Oneupweb,Independent
449,Fame* [Omnicom],Minneapolis,13208000,1.6,Fame ,Omnicom
450,Redscout* [MDC Partners],New York,13200000,10.0,Redscout ,MDC Partners
451,Vidal Partnership*,New York,13140000,-14.1,Vidal Partnership,Independent
452,RF Binder Partners [Ruder Finn Group],New York,13100000,5.2,RF Binder Partners ,Ruder Finn Group
453,Zambezi,"Venice, Calif.",13100000,70.3,Zambezi,Independent
454,CRT/Tanaka,"Richmond, Va.",13009000,12.4,CRT/Tanaka,Independent
455,Callahan Creek,"Lawrence, Kan.",13008000,19.3,Callahan Creek,Independent
456,Casanova Pendrill* [Interpublic],"Costa Mesa, Calif.",13000000,11.8,Casanova Pendrill ,Interpublic
457,Makovsky,New York,13000000,8.3,Makovsky,Independent
458,Saatchi & Saatchi Science* [Publicis],"Yardley, Pa.",13000000,0.0,Saatchi & Saatchi Science ,Publicis
459,Ron Foth Advertising,"Columbus, Ohio",12787000,1.8,Ron Foth Advertising,Independent
460,Stephenz Group,"San Jose, Calif.",12785000,21.0,Stephenz Group,Independent
461,Rodgers Townsend* [Omnicom],St. Louis,12713000,-2.0,Rodgers Townsend ,Omnicom
462,Hanley Wood Marketing,Minneapolis,12710000,12.4,Hanley Wood Marketing,Independent
463,Hanson*,"Maumee, Ohio",12700000,0.0,Hanson,Independent
464,Iconmobile* [WPP],Berlin,12600000,5.0,Iconmobile ,WPP
465,Proof Integrated Communications* [WPP],New York,12600000,5.0,Proof Integrated Communications ,WPP
466,Sullivan Higdon & Sink,"Wichita, Kan.",12569000,-2.0,Sullivan Higdon & Sink,Independent
467,MGSCOMM,Miami,12559000,40.0,MGSCOMM,Independent
468,Brand Union* [WPP],New York,12420000,7.0,Brand Union ,WPP
469,American Communications Group*,"Torrance, Calif.",12401000,3.2,American Communications Group,Independent
470,Grafica,"Morristown, N.J.",12300000,1.7,Grafica,Independent
471,MicroMass Communications,"Cary, N.C.",12300000,35.2,MicroMass Communications,Independent
472,Slingshot*,Dallas,12262000,15.0,Slingshot,Independent
473,LM&O Advertising,"Arlington, Va.",12158000,40.5,LM&O Advertising,Independent
474,Hirons & Co.,Indianapolis,12150000,12.0,Hirons & Co.,Independent
475,Threshold Interactive,"Culver City, Calif.",12129000,14.0,Threshold Interactive,Independent
476,O2 Ideas,"Birmingham, Ala.",12128000,3.0,O2 Ideas,Independent
477,Attik* [Dentsu],San Francisco,12090000,14.1,Attik ,Dentsu
478,WebMetro,"San Dimas, Calif.",12017000,10.6,WebMetro,Independent
479,Camelot Strategic Marketing & Media,Dallas,12000000,8.1,Camelot Strategic Marketing & Media,Independent
480,Palisades Media Group,"Santa Monica, Calif.",12000000,15.4,Palisades Media Group,Independent
481,Rain,New York,12000000,100.0,Rain,Independent
482,Reprise Media* [Interpublic],New York,12000000,-23.7,Reprise Media ,Interpublic
483,Hitchcock Fleming & Associates*,"Akron, Ohio",11937000,0.0,Hitchcock Fleming & Associates,Independent
484,Admerasia,New York,11750000,9.3,Admerasia,Independent
485,FKQ Advertising & Marketing,"Clearwater, Fla.",11726000,13.2,FKQ Advertising & Marketing,Independent
486,DMW Direct,"Chesterbrook, Pa.",11680000,4.3,DMW Direct,Independent
487,Duncan/Channon,San Francisco,11500000,-17.9,Duncan/Channon,Independent
488,Lippe Taylor*,New York,11500000,15.0,Lippe Taylor,Independent
489,Natrel Communications,"Parsippany, N.J.",11480000,10.4,Natrel Communications,Independent
490,Cranford Johnson Robinson Woods*,"Little Rock, Ark.",11427000,0.0,Cranford Johnson Robinson Woods,Independent
491,Catalyst,"Rochester, N.Y.",11389000,3.2,Catalyst,Independent
492,Bodden Partners,New York,11360000,28.5,Bodden Partners,Independent
493,Marlin Network,"Springfield, Mo.",11315000,19.1,Marlin Network,Independent
494,Godfrey,"Lancaster, Pa.",11300000,-6.6,Godfrey,Independent
495,SparkPR,San Francisco,11280000,8.5,SparkPR,Independent
496,Closerlook*,Chicago,11193000,21.9,Closerlook,Independent
497,Sigma Marketing Insights,"Rochester, N.Y.",11113000,-2.8,Sigma Marketing Insights,Independent
498,Deep Focus [Engine Group],New York,11104000,5.7,Deep Focus ,Engine Group
499,Tenthwave Digital,"Melville, N.Y.",11082000,56.4,Tenthwave Digital,Independent
500,Ologie,"Columbus, Ohio",11035000,5.6,Ologie,Independent
501,Sloane & Co.* [MDC Partners],New York,11035000,2.2,Sloane & Co. ,MDC Partners
502,Mono* [MDC Partners],Minneapolis,11004000,11.9,Mono ,MDC Partners
503,Big Spaceship*,"Brooklyn, N.Y.",11000000,22.2,Big Spaceship,Independent
504,Boathouse Group,"Waltham, Mass.",11000000,10.0,Boathouse Group,Independent
505,Genuine Interactive,Boston,11000000,10.0,Genuine Interactive,Independent
506,Lapiz USA* [Publicis],Chicago,11000000,-8.3,Lapiz USA ,Publicis
507,The Gate Worldwide* [MSQ Partners],New York,11000000,0.0,The Gate Worldwide ,MSQ Partners
508,Rally Marketing Group,Seattle,10982000,17.5,Rally Marketing Group,Independent
509,Bailey Lauerman,"Lincoln, Neb.",10910000,3.9,Bailey Lauerman,Independent
510,Widmeyer Communications,Washington,10900000,7.0,Widmeyer Communications,Independent
511,Kaplow*,New York,10850000,8.2,Kaplow,Independent
512,Trozzolo Communications Group,"Kansas City, Mo.",10821000,4.7,Trozzolo Communications Group,Independent
513,Clarity Coverdale Fury,Minneapolis,10800000,4.9,Clarity Coverdale Fury,Independent
514,Republica,Miami,10700000,30.5,Republica,Independent
515,Black Twig Communications*,St. Louis,10695000,6.5,Black Twig Communications,Independent
516,Proof Advertising,"Austin, Texas",10661000,18.9,Proof Advertising,Independent
517,Roberts Communications,"Rochester, N.Y.",10660000,9.0,Roberts Communications,Independent
518,Sullivan,New York,10602000,5.2,Sullivan,Independent
519,Relevent* [MDC Partners],New York,10600000,0.0,Relevent ,MDC Partners
520,Dalton Agency,"Jacksonville, Fla.",10576000,4.4,Dalton Agency,Independent
521,M&C Saatchi,London,10563000,161.1,M&C Saatchi,Independent
522,"Aloysius, Butler & Clark","Wilmington, Del.",10552000,20.6,"Aloysius, Butler & Clark",Independent
523,Bromley Communications* [Publicis],San Antonio,10514000,0.0,Bromley Communications ,Publicis
524,Phelps,"Santa Monica, Calif.",10505000,15.2,Phelps,Independent
525,Questus,San Francisco,10500000,9.4,Questus,Independent
526,Carol H. Williams Advertising,"Oakland, Calif.",10322000,-33.0,Carol H. Williams Advertising,Independent
527,PBJS* [Publicis],Seattle,10280000,,PBJS ,Publicis
528,Gelia,"Williamsville, N.Y.",10257000,20.6,Gelia,Independent
529,BoomBox,New York,10200000,39.7,BoomBox,Independent
530,Stamats,"Cedar Rapids, Iowa",10177000,-0.3,Stamats,Independent
531,Wpromote,"El Segundo, Calif.",10171000,31.9,Wpromote,Independent
532,Acento Advertising,"Santa Monica, Calif.",10162000,-5.8,Acento Advertising,Independent
533,Luquire George Andrews,"Charlotte, N.C.",10134000,44.4,Luquire George Andrews,Independent
534,Next Marketing,"Norcross, Ga.",10100000,36.5,Next Marketing,Independent
535,Muse Communications,"Culver City, Calif.",10091000,176.1,Muse Communications,Independent
536,Elite SEM,New York,10000000,47.1,Elite SEM,Independent
537,Pedone & Partners,New York,10000000,11.1,Pedone & Partners,Independent
538,Siltanen & Partners Advertising*,"El Segundo, Calif.",10000000,0.0,Siltanen & Partners Advertising,Independent
539,Radarworks,Los Angeles,9900000,19.3,Radarworks,Independent
540,Strategic America,"West Des Moines, Iowa",9876000,5.5,Strategic America,Independent
541,Blitz Media*,"Waltham, Mass.",9864000,0.0,Blitz Media,Independent
542,FullSix [FullSix Group],Paris,9818000,0.9,FullSix ,FullSix Group
543,Nelson Schmidt,Milwaukee,9800000,16.7,Nelson Schmidt,Independent
544,InterTrend Communications,"Long Beach, Calif.",9700000,1.0,InterTrend Communications,Independent
545,Anthology Marketing Group,Honolulu,9632000,5.7,Anthology Marketing Group,Independent
546,Elias/Savion Advertising,Pittsburgh,9584000,4.7,Elias/Savion Advertising,Independent
547,FingerPaint,"Saratoga Springs, N.Y.",9540000,121.0,FingerPaint,Independent
548,Noise [Engine Group],New York,9535000,29.8,Noise ,Engine Group
549,Marriner Marketing Communications,"Columbia, Md.",9528000,1.7,Marriner Marketing Communications,Independent
550,Sub Rosa,New York,9500000,116.6,Sub Rosa,Independent
551,Babcock & Jenkins,"Portland, Ore.",9450000,13.2,Babcock & Jenkins,Independent
552,Cole & Weber United* [WPP],Seattle,9450000,-10.0,Cole & Weber United ,WPP
553,LaunchSquad,San Francisco,9387000,26.6,LaunchSquad,Independent
554,Slack and Company,Chicago,9307000,-19.8,Slack and Company,Independent
555,Threespot,Washington,9184000,15.8,Threespot,Independent
556,Vladimir Jones,"Colorado Springs, Colo.",9140000,9.8,Vladimir Jones,Independent
557,Charleston/Orwig,"Hartland, Wis.",9131000,3.6,Charleston/Orwig,Independent
558,Seiden Group,New York,9100000,0.0,Seiden Group,Independent
559,Bozell,"Omaha, Neb.",9000000,-43.8,Bozell,Independent
560,Fly Communications,New York,9000000,80.0,Fly Communications,Independent
561,Rokkan* [Publicis],New York,9000000,25.0,Rokkan ,Publicis
562,SSCG Media Group* [Omnicom],New York,9000000,,SSCG Media Group ,Omnicom
563,Commonground Marketing,Chicago,8955000,44.9,Commonground Marketing,Independent
564,Johannes Leonardo* [WPP],New York,8935000,35.4,Johannes Leonardo ,WPP
565,Cannonball Advertising*,St. Louis,8913000,13.9,Cannonball Advertising,Independent
566,Lewis Communications*,"Mobile, Ala.",8903000,0.0,Lewis Communications,Independent
567,Vizeum* [Dentsu],New York,8742000,43.8,Vizeum ,Dentsu
568,Butler/Till,"Rochester, N.Y.",8728000,15.7,Butler/Till,Independent
569,Brighton Agency,St. Louis,8680000,24.7,Brighton Agency,Independent
570,DGWB Advertising & Communications*,"Santa Ana, Calif.",8617000,-8.3,DGWB Advertising & Communications,Independent
571,Marden-Kane,"Garden City, N.Y.",8577000,7.9,Marden-Kane,Independent
572,Doe-Anderson,"Louisville, Ky.",8566000,22.0,Doe-Anderson,Independent
573,Centigrade,"Birmingham, Mich.",8459000,53.8,Centigrade,Independent
574,Southwest Media Group*,Dallas,8418000,14.1,Southwest Media Group,Independent
575,St. John & Partners Advertising & PR,"Jacksonville, Fla.",8388000,-6.1,St. John & Partners Advertising & PR,Independent
576,E.B. Lane,Phoenix,8300000,1.2,E.B. Lane,Independent
577,Source Communications,"Hackensack, N.J.",8263000,-5.6,Source Communications,Independent
578,Hunt Adkins,Minneapolis,8218000,38.8,Hunt Adkins,Independent
579,TaCito Direct,Dallas,8182000,39.7,TaCito Direct,Independent
580,Castells & Asociados,Los Angeles,8108000,-16.7,Castells & Asociados,Independent
581,Location3 Media,Denver,8052000,12.4,Location3 Media,Independent
582,Taxi* [WPP],Toronto,8037000,12.8,Taxi ,WPP
583,HeilBrice Marketing Communications,"Irvine, Calif.",8036000,17.3,HeilBrice Marketing Communications,Independent
584,Michael Walters Advertising,Chicago,8000000,164.9,Michael Walters Advertising,Independent
585,Strikeforce Communications,New York,8000000,0.0,Strikeforce Communications,Independent
586,IW Group* [Interpublic],"West Hollywood, Calif.",7991000,-19.7,IW Group ,Interpublic
587,Milici Valenti Ng Pack,Honolulu,7973000,6.8,Milici Valenti Ng Pack,Independent
588,E & M Advertising*,New York,7900000,5.0,E & M Advertising,Independent
589,SMZ,"Troy, Mich.",7900000,1.3,SMZ,Independent
590,Catalyst Public Relations,New York,7881000,33.0,Catalyst Public Relations,Independent
591,Airfoil Group,"Southfield, Mich.",7867000,-3.2,Airfoil Group,Independent
592,Hello Design* [MDC Partners],"Culver City, Calif.",7860000,20.0,Hello Design ,MDC Partners
593,Cibo Studios,San Francisco,7800000,34.5,Cibo Studios,Independent
594,Corinthian Media*,New York,7770000,2.8,Corinthian Media,Independent
595,Bayshore Solutions,"Tampa, Fla.",7711000,21.9,Bayshore Solutions,Independent
596,Media Horizons,"Norwalk, Conn.",7619000,3.7,Media Horizons,Independent
597,Ames Scullin O'Haire,Atlanta,7566000,0.9,Ames Scullin O'Haire,Independent
598,Neiman Group,Philadelphia,7544000,-7.6,Neiman Group,Independent
599,Acquirgy*,"St. Petersburg, Fla.",7525000,3.1,Acquirgy,Independent
600,EGC Group,"Melville, N.Y.",7500000,0.0,EGC Group,Independent
601,D Exposito & Partners,New York,7451000,5.5,D Exposito & Partners,Independent
602,Modern Climate,Minneapolis,7450000,43.3,Modern Climate,Independent
603,Karsh Hagan,Denver,7448000,10.7,Karsh Hagan,Independent
604,Chandelier Creative*,New York,7385000,-5.2,Chandelier Creative,Independent
605,Interlex Communications,San Antonio,7347000,6.8,Interlex Communications,Independent
606,Ozone Online*,San Francisco,7320000,24.1,Ozone Online,Independent
607,CDR Fundraising Group*,"Bowie, Md.",7317000,,CDR Fundraising Group,Independent
608,Siren Interactive*,"Oak Park, Ill.",7308000,-5.6,Siren Interactive,Independent
609,O'Leary & Partners,"Newport Beach, Calif.",7300000,2.8,O'Leary & Partners,Independent
610,Footsteps* [Omnicom],New York,7280000,4.0,Footsteps ,Omnicom
611,Agency Q,Washington,7268000,14.7,Agency Q,Independent
612,Accentmarketing* [Interpublic],"Coral Gables, Fla.",7232000,-16.9,Accentmarketing ,Interpublic
613,Ignition Network*,Chicago,7200000,0.0,Ignition Network,Independent
614,Titan Agency*,Atlanta,7200000,0.0,Titan Agency,Independent
615,Crosby Marketing Communications,"Annapolis, Md.",7147000,-2.2,Crosby Marketing Communications,Independent
616,"Howard, Merrell & Partners*","Raleigh, N.C.",7130000,-19.3,"Howard, Merrell & Partners",Independent
617,HCB Health,"Austin, Texas",7118000,25.0,HCB Health,Independent
618,Amazon Advertising* [Publicis],San Francisco,7100000,29.1,Amazon Advertising ,Publicis
619,Hiebing,"Madison, Wis.",7064000,13.4,Hiebing,Independent
620,Gotham Direct,New York,7016000,17.7,Gotham Direct,Independent
621,Beeby Clark & Meyler,"Stamford, Conn.",7000000,40.0,Beeby Clark & Meyler,Independent
622,Downtown Partners Chicago* [Omnicom],Chicago,7000000,0.0,Downtown Partners Chicago ,Omnicom
623,Kemp Goldberg Partners,"Portland, Maine",7000000,16.7,Kemp Goldberg Partners,Independent
624,PM Publicidad,Atlanta,7000000,32.1,PM Publicidad,Independent
625,Traction,San Francisco,7000000,16.7,Traction,Independent
626,Red Square Agency,"Mobile, Ala.",6999000,-3.8,Red Square Agency,Independent
627,Gragg Advertising,"Kansas City, Mo.",6995000,7.4,Gragg Advertising,Independent
628,Borshoff,Indianapolis,6965000,3.6,Borshoff,Independent
629,BusinessOnline,San Diego,6930000,4.8,BusinessOnline,Independent
630,ISM,Boston,6875000,3.4,ISM,Independent
631,Hart Associates,"Maumee, Ohio",6842000,9.6,Hart Associates,Independent
632,NFusion Group,"Austin, Texas",6802000,24.9,NFusion Group,Independent
633,Digital Pulp,New York,6800000,6.3,Digital Pulp,Independent
634,Topin & Associates,Chicago,6750000,3.7,Topin & Associates,Independent
635,Orci,"Santa Monica, Calif.",6700000,39.6,Orci,Independent
636,Gold n Fish Marketing Group,"Armonk, N.Y.",6690000,-0.2,Gold n Fish Marketing Group,Independent
637,San Jose Group,Chicago,6673000,-8.0,San Jose Group,Independent
638,ES Advertising,Los Angeles,6633000,8.7,ES Advertising,Independent
639,Ymarketing,"Costa Mesa, Calif.",6618000,22.1,Ymarketing,Independent
640,Public Communications,Chicago,6550000,33.7,Public Communications,Independent
641,Alinean,"Orlando, Fla.",6545000,1.3,Alinean,Independent
642,Lopito Ileana & Howie,"Guaynabo, P.R.",6522000,8.5,Lopito Ileana & Howie,Independent
643,Zehnder,New Orleans,6501000,16.0,Zehnder,Independent
644,TBWA/WorldHealth* [Omnicom],New York,6500000,-7.1,TBWA/WorldHealth ,Omnicom
645,Yamamoto* [MDC Partners],Minneapolis,6500000,13.0,Yamamoto ,MDC Partners
646,Mortar,San Francisco,6484000,0.0,Mortar,Independent
647,Merritt Group*,"Reston, Va.",6475000,,Merritt Group,Independent
648,SicolaMartin/Tech.YR* [WPP],"Austin, Texas",6462000,-10.3,SicolaMartin/Tech.YR ,WPP
649,Stone Ward,"Little Rock, Ark.",6360000,0.5,Stone Ward,Independent
650,MediaMorphosis,"Long Island City, N.Y.",6343000,37.1,MediaMorphosis,Independent
651,PPC Associates,"San Mateo, Calif.",6333000,66.8,PPC Associates,Independent
652,Cactus*,Denver,6300000,6.3,Cactus,Independent
653,Silver & Partners*,New York,6300000,26.0,Silver & Partners,Independent
654,Media Logic,"Albany, N.Y.",6290000,15.8,Media Logic,Independent
655,Carrot Creative*,"Brooklyn, N.Y.",6290000,29.4,Carrot Creative,Independent
656,HMH,"Portland, Ore.",6223000,7.0,HMH,Independent
657,Preston Kelly,Minneapolis,6215000,-1.8,Preston Kelly,Independent
658,Three Deep,"St. Paul, Minn.",6206000,8.1,Three Deep,Independent
659,Fraser Communications,Los Angeles,6190000,1.6,Fraser Communications,Independent
660,Lambesis*,"La Jolla, Calif.",6183000,3.3,Lambesis,Independent
661,InVnt,New York,6160000,0.0,InVnt,Independent
662,352 Media Group,"Newberry, Fla.",6154000,18.3,352 Media Group,Independent
663,KraftWorks NYC,New York,6150000,-8.4,KraftWorks NYC,Independent
664,Magner Sanborn,"Spokane, Wash.",6130000,43.1,Magner Sanborn,Independent
665,Dae Advertising,San Francisco,6127000,25.3,Dae Advertising,Independent
666,RP3 Agency,"Bethesda, Md.",6100000,17.2,RP3 Agency,Independent
667,LeapFrog Interactive,"Louisville, Ky.",6056000,0.3,LeapFrog Interactive,Independent
668,GodwinGroup,"Jackson, Miss.",6021000,-6.2,GodwinGroup,Independent
669,Barker/DZP,New York,6006000,16.9,Barker/DZP,Independent
670,Camp & King,San Francisco,6000000,100.0,Camp & King,Independent
671,Keiler,"Farmington, Conn.",6000000,9.1,Keiler,Independent
672,PAN Communications,Boston,6000000,-1.6,PAN Communications,Independent
673,Baker Street Advertising*,San Francisco,5968000,10.0,Baker Street Advertising,Independent
674,VRTC,Houston,5921000,105.8,VRTC,Independent
675,WFofR Media,"Richmond, Va.",5900000,11.7,WFofR Media,Independent
676,Extractable,San Francisco,5851000,27.0,Extractable,Independent
677,Fuse Marketing,"Burlington, Vt.",5820000,-0.6,Fuse Marketing,Independent
678,Hybrid Design*,San Francisco,5814000,16.3,Hybrid Design,Independent
679,M/C/C,Dallas,5760000,8.1,M/C/C,Independent
680,Barrie D'Rozario Murphy*,Minneapolis,5717000,-18.3,Barrie D'Rozario Murphy,Independent
681,Marca Hispanic [Marc USA],"Coconut Grove, Fla.",5672000,20.0,Marca Hispanic ,Marc USA
682,Spectrum,Washington,5653000,-1.3,Spectrum,Independent
683,Oden Marketing & Design,"Memphis, Tenn.",5637000,14.8,Oden Marketing & Design,Independent
684,White & Partners,"Herndon, Va.",5625000,2.1,White & Partners,Independent
685,Bandy Carroll Hellige,"Louisville, Ky.",5623000,7.4,Bandy Carroll Hellige,Independent
686,RBB Public Relations,Miami,5603000,3.8,RBB Public Relations,Independent
687,Moses Anshell,Phoenix,5600000,12.0,Moses Anshell,Independent
688,ESW StoryLab,Chicago,5587000,11.1,ESW StoryLab,Independent
689,Brandkarma,"Somerset, N.J.",5577000,28.5,Brandkarma,Independent
690,Woodruff Sweitzer,"Kansas City, Mo.",5546000,11.5,Woodruff Sweitzer,Independent
691,PriceWeber Marketing Communications,"Louisville, Ky.",5524000,1.4,PriceWeber Marketing Communications,Independent
692,Mile 9 Agency,"Calabasas, Calif.",5500000,10.0,Mile 9 Agency,Independent
693,Mirrorball,New York,5500000,10.0,Mirrorball,Independent
694,Pavone,"Harrisburg, Pa.",5500000,14.6,Pavone,Independent
695,Cashman & Katz Integrated Communications,"Glastonbury, Conn.",5485000,8.3,Cashman & Katz Integrated Communications,Independent
696,Winner & Associates* [Publicis],Los Angeles,5428000,,Winner & Associates ,Publicis
697,Ansible* [Interpublic],New York,5400000,8.0,Ansible ,Interpublic
698,LiveAreaLabs,Seattle,5393000,74.0,LiveAreaLabs,Independent
699,Sensis Agency,Los Angeles,5378000,1.7,Sensis Agency,Independent
700,Red Door Interactive,San Diego,5378000,-7.9,Red Door Interactive,Independent
701,Arke Systems,Atlanta,5300000,65.6,Arke Systems,Independent
702,Magnani Continuum Marketing,Chicago,5300000,0.0,Magnani Continuum Marketing,Independent
703,Being* [Omnicom],New York,5274000,0.0,Being ,Omnicom
704,Shine United,"Madison, Wis.",5250000,1.9,Shine United,Independent
705,Gertrude,Chicago,5225000,30.6,Gertrude,Independent
706,206 Inc.,Seattle,5207000,69.8,206 Inc.,Independent
707,AlPunto Advertising*,"Tustin, Calif.",5192000,3.8,AlPunto Advertising,Independent
708,Renavatio Healthcare Communications,"Newtown, Pa.",5160000,4.5,Renavatio Healthcare Communications,Independent
709,Fixation Marketing*,"Bethesda, Md.",5136000,10.4,Fixation Marketing,Independent
710,Seiter & Miller,New York,5100000,4.1,Seiter & Miller,Independent
711,Chernoff Newman,"Columbia, S.C.",5066000,-18.6,Chernoff Newman,Independent
712,AdFarm,"Kansas City, Mo.",5036000,5.5,AdFarm,Independent
713,Hispanic Group,Miami,5031000,9.2,Hispanic Group,Independent
714,SKM Group,"Depew, N.Y.",5005000,9.7,SKM Group,Independent
715,Alexander Marketing,"Grand Rapids, Mich.",5000000,0.0,Alexander Marketing,Independent
716,Brooklyn Brothers,New York,5000000,25.0,Brooklyn Brothers,Independent
717,Latin3,"Fort Lauderdale, Fla.",5000000,0.0,Latin3,Independent
718,Tocquigny,"Austin, Texas",5000000,-2.0,Tocquigny,Independent
719,Roth Partners,New York,4989000,93.0,Roth Partners,Independent
720,LatinSphere Advertising*,"Long Beach, Calif.",4955000,5.0,LatinSphere Advertising,Independent
721,1stMovement,"Pasadena, Calif.",4950000,-4.8,1stMovement,Independent
722,Two by Four,Chicago,4926000,19.0,Two by Four,Independent
723,Linhart Public Relations,Denver,4899000,6.5,Linhart Public Relations,Independent
724,SocialChorus*,San Francisco,4875000,,SocialChorus,Independent
725,TDA Boulder,"Boulder, Colo.",4835000,1.3,TDA Boulder,Independent
726,Glenn Group,"Reno, Nev.",4800000,9.1,Glenn Group,Independent
727,Richter7,Salt Lake City,4787000,0.5,Richter7,Independent
728,SMM Advertising,"Smithtown, N.Y.",4762000,2.5,SMM Advertising,Independent
729,Copacino & Fujikado,Seattle,4760000,19.9,Copacino & Fujikado,Independent
730,ADK America [Asatsu-DK],New York,4746000,-8.1,ADK America ,Asatsu-DK
731,GreenRubino*,Seattle,4739000,-1.4,GreenRubino,Independent
732,Chemistry Communications,Pittsburgh,4738000,67.6,Chemistry Communications,Independent
733,Arenas Entertainment*,Los Angeles,4718000,9.2,Arenas Entertainment,Independent
734,Dojo [Grupo ABC],San Francisco,4700000,-2.7,Dojo ,Grupo ABC
735,Littlefield Brand Development,"Tulsa, Okla.",4689000,37.7,Littlefield Brand Development,Independent
736,Brokaw,Cleveland,4637000,86.2,Brokaw,Independent
737,CooperKatz & Co.,New York,4622000,13.8,CooperKatz & Co.,Independent
738,Steak* [Dentsu],London,4601000,111.7,Steak ,Dentsu
739,BrandForce,San Francisco,4600000,155.6,BrandForce,Independent
740,Kelliher Samets Volk,"Burlington, Vt.",4600000,15.0,Kelliher Samets Volk,Independent
741,Associated Integrated Marketing,"Wichita, Kan.",4527000,-12.4,Associated Integrated Marketing,Independent
742,Canyon Communications,"Mesa, Ariz.",4500000,3.4,Canyon Communications,Independent
743,Spring Creek Group* [Interpublic],Seattle,4500000,8.4,Spring Creek Group ,Interpublic
744,Miller Brooks,"Zionsville, Ind.",4492000,-14.2,Miller Brooks,Independent
745,Love Communications*,Salt Lake City,4490000,0.0,Love Communications,Independent
746,GRP Media,Chicago,4450000,11.3,GRP Media,Independent
747,McK Healthcare,Boston,4440000,20.0,McK Healthcare,Independent
748,Firehouse Agency,Dallas,4417000,26.2,Firehouse Agency,Independent
749,CBD Marketing,Chicago,4400000,37.5,CBD Marketing,Independent
750,S2 Financial Marketing,Chicago,4400000,-8.3,S2 Financial Marketing,Independent
751,Garrand,"Portland, Maine",4392000,-4.4,Garrand,Independent
752,GCG Marketing*,"Fort Worth, Texas",4360000,98.2,GCG Marketing,Independent
753,DBA Worldwide*,"Rochester, Mich.",4359000,,DBA Worldwide,Independent
754,CreativeOnDemand*,"Coconut Grove, Fla.",4271000,4.0,CreativeOnDemand,Independent
755,Masterminds,"Egg Harbor Township, N.J.",4257000,-0.9,Masterminds,Independent
756,Jess3*,Los Angeles,4255000,,Jess3,Independent
757,Aaaza,Los Angeles,4250000,-30.9,Aaaza,Independent
758,Launch Agency,"Carrollton, Texas",4250000,10.4,Launch Agency,Independent
759,Nexus Direct*,"Virginia Beach, Va.",4225000,5.6,Nexus Direct,Independent
760,Wexley School for Girls,Seattle,4182000,10.0,Wexley School for Girls,Independent
761,Mass Hispanic Marketing,"Doral, Fla.",4152000,-5.1,Mass Hispanic Marketing,Independent
762,Curiosity,Cincinnati,4101000,15.8,Curiosity,Independent
763,Bulldog Drummond*,San Diego,4100000,0.0,Bulldog Drummond,Independent
764,Spike DDB* [Omnicom],"Brooklyn, N.Y.",4100000,9.3,Spike DDB ,Omnicom
765,iStrategyLabs,Washington,4068000,35.1,iStrategyLabs,Independent
766,Traffik,"Irvine, Calif.",4028000,11.6,Traffik,Independent
767,GdB,Minneapolis,4000000,-7.0,GdB,Independent
768,Integrity Corporation,St. Louis,4000000,33.3,Integrity Corporation,Independent
769,Portent,Seattle,4000000,25.0,Portent,Independent
770,Saeshe*,Los Angeles,4000000,0.0,Saeshe,Independent
771,Weintraub Advertising,St. Louis,4000000,-11.1,Weintraub Advertising,Independent
772,Jellyfish,Baltimore,3994000,202.2,Jellyfish,Independent
773,Innis Maggiore,"Canton, Ohio",3988000,33.9,Innis Maggiore,Independent
774,KD&E,New York,3961000,-15.4,KD&E,Independent
775,Cultivator Advertising & Design*,Denver,3878000,6.2,Cultivator Advertising & Design,Independent
776,TargetCom* [MDC Partners],Chicago,3877000,0.9,TargetCom ,MDC Partners
777,Rabinovici & Associates,"North Miami Beach, Fla.",3872000,-5.5,Rabinovici & Associates,Independent
778,Stephan & Brady,"Madison, Wis.",3835000,6.0,Stephan & Brady,Independent
779,Glass Agency,"Sacramento, Calif.",3800000,13.8,Glass Agency,Independent
780,Trigger,Los Angeles,3800000,-13.6,Trigger,Independent
781,Tiziani & Whitmyre,"Sharon, Mass.",3775000,-5.4,Tiziani & Whitmyre,Independent
782,Barber Martin Advertising*,"Richmond, Va.",3770000,4.0,Barber Martin Advertising,Independent
783,R/P Marketing Public Relations,"Holland, Ohio",3769000,-20.3,R/P Marketing Public Relations,Independent
784,LatinMedios.com,"Aventura, Fla.",3723000,12.0,LatinMedios.com,Independent
785,Baldwin&*,"Raleigh, N.C.",3713000,51.9,Baldwin&,Independent
786,Grok,New York,3700000,105.6,Grok,Independent
787,White Horse Productions*,"Portland, Ore.",3700000,2.8,White Horse Productions,Independent
788,KZSW Advertising,"Setauket, N.Y.",3675000,33.6,KZSW Advertising,Independent
789,Terralever,"Tempe, Ariz.",3609000,-24.2,Terralever,Independent
790,Brogan Tennyson Group,"Dayton, N.J.",3600000,9.1,Brogan Tennyson Group,Independent
791,Bruce Clay,"Moorpark, Calif.",3600000,4.0,Bruce Clay,Independent
792,Sullivan Perkins*,Dallas,3600000,0.0,Sullivan Perkins,Independent
793,Dynamit,"Columbus, Ohio",3580000,49.2,Dynamit,Independent
794,ME&V,"Cedar Falls, Iowa",3542000,-6.0,ME&V,Independent
795,Social Media Group*,Toronto,3527000,-16.0,Social Media Group,Independent
796,Asher Media,"Addison, Texas",3500000,20.7,Asher Media,Independent
797,Escape Pod,Chicago,3500000,12.9,Escape Pod,Independent
798,Joule* [WPP],London,3500000,16.7,Joule ,WPP
799,Plan C Agency,Los Angeles,3500000,29.6,Plan C Agency,Independent
800,Small Army,Boston,3500000,9.4,Small Army,Independent
801,"Tom, Dick & Harry Creative Co.",Chicago,3500000,3.7,"Tom, Dick & Harry Creative Co.",Independent
802,Walrus,New York,3500000,40.0,Walrus,Independent
803,Mutt Industries,"Portland, Ore.",3483000,8.5,Mutt Industries,Independent
804,"Stiegler, Wells, Brunswick & Roth*","Bethlehem, Pa.",3480000,0.0,"Stiegler, Wells, Brunswick & Roth",Independent
805,Matlock Advertising & Public Relations,Atlanta,3451000,3.7,Matlock Advertising & Public Relations,Independent
806,Mindpower,Atlanta,3431000,3.3,Mindpower,Independent
807,Design Group,"Little Rock, Ark.",3335000,-5.8,Design Group,Independent
808,MDB Communications,Washington,3275000,3.5,MDB Communications,Independent
809,Boelter & Lincoln*,Milwaukee,3250000,4.0,Boelter & Lincoln,Independent
810,BooneOakley*,"Charlotte, N.C.",3218000,9.7,BooneOakley,Independent
811,AY Digital,New York,3200000,0.6,AY Digital,Independent
812,Dotbox* [MDC Partners],New York,3200000,0.0,Dotbox ,MDC Partners
813,Munn Rabot,New York,3187000,8.2,Munn Rabot,Independent
814,Nail Communications,"Providence, R.I.",3150000,-10.0,Nail Communications,Independent
815,Heinzeroth Marketing Group,"Rockford, Ill.",3100000,3.3,Heinzeroth Marketing Group,Independent
816,Walker Sands Communications,Chicago,3100000,29.2,Walker Sands Communications,Independent
817,MarketingLab*,Minneapolis,3051000,25.7,MarketingLab,Independent
818,Davis Harrison Dion,Chicago,3025000,7.2,Davis Harrison Dion,Independent
819,Schermer,Minneapolis,3010000,8.1,Schermer,Independent
820,Shopper Sciences* [Interpublic],Chicago,3000000,7.1,Shopper Sciences ,Interpublic
821,Turkel Brands,Miami,3000000,0.0,Turkel Brands,Independent
822,McKee Wallwork & Co.,"Albuquerque, N.M.",2997000,-0.5,McKee Wallwork & Co.,Independent
823,Greatest Common Factory*,"Austin, Texas",2994000,140.2,Greatest Common Factory,Independent
824,PanCom International*,Los Angeles,2991000,-6.5,PanCom International,Independent
825,M45 Marketing*,"Freeport, Ill.",2970000,3.8,M45 Marketing,Independent
826,Walz Tetrick Advertising*,"Mission, Kan.",2961000,8.5,Walz Tetrick Advertising,Independent
827,Neighbor,"Venice, Calif.",2955000,47.8,Neighbor,Independent
828,Nemer Fieger,Minneapolis,2934000,10.6,Nemer Fieger,Independent
829,Crossbow Group,"Westport, Conn.",2925000,30.0,Crossbow Group,Independent
830,Pilgrim*,Denver,2888000,31.2,Pilgrim,Independent
831,Goodman Marketing Partners,"San Rafael, Calif.",2868000,50.5,Goodman Marketing Partners,Independent
832,Remerinc*,Seattle,2833000,0.0,Remerinc,Independent
833,Schaefer Advertising*,"Fort Worth, Texas",2813000,13.9,Schaefer Advertising,Independent
834,Reality Rx Communication,"Somerset, N.J.",2800000,27.3,Reality Rx Communication,Independent
835,Richards/Carlberg [Richards Group],Houston,2800000,21.7,Richards/Carlberg ,Richards Group
836,Thunder Tech*,Cleveland,2767000,18.3,Thunder Tech,Independent
837,Travers Collins,"Buffalo, N.Y.",2756000,-24.7,Travers Collins,Independent
838,Anderson Communications,Atlanta,2750000,10.0,Anderson Communications,Independent
839,Ventura Associates,New York,2748000,-1.8,Ventura Associates,Independent
840,U.S. Media Consulting*,Miami,2730000,12.0,U.S. Media Consulting,Independent
841,VSBrooks Advertising*,"Coral Gables, Fla.",2671000,16.1,VSBrooks Advertising,Independent
842,Mason*,"Bethany, Conn.",2652000,17.0,Mason,Independent
843,Stoltz Marketing Group,"Boise, Idaho",2621000,54.2,Stoltz Marketing Group,Independent
844,Bradshaw Advertising,"Portland, Ore.",2569000,-22.8,Bradshaw Advertising,Independent
845,Mortenson Safar Kim*,Milwaukee,2556000,5.4,Mortenson Safar Kim,Independent
846,Brandner Communications,"Federal Way, Wash.",2553000,-10.2,Brandner Communications,Independent
847,Backe Digital Brand Marketing,"Radnor, Pa.",2512000,-27.6,Backe Digital Brand Marketing,Independent
848,Allied Media Corp.*,"McLean, Va.",2500000,0.0,Allied Media Corp.,Independent
849,Goda Advertising,"Inverness, Ill.",2500000,38.9,Goda Advertising,Independent
850,iQuanti,"Hoboken, N.J.",2500000,92.3,iQuanti,Independent
851,Jones Advertising,Seattle,2500000,0.0,Jones Advertising,Independent
852,CTI Media*,Atlanta,2499000,5.3,CTI Media,Independent
853,Socialarc,"Emeryville, Calif.",2400000,26.3,Socialarc,Independent
854,HeathWallace* [WPP],London,2371000,0.0,HeathWallace ,WPP
855,Meers Advertising,"Kansas City, Mo.",2349000,45.1,Meers Advertising,Independent
856,Red7e,"Louisville, Ky.",2311000,21.1,Red7e,Independent
857,Hoffman Agency,"San Jose, Calif.",2303000,-22.3,Hoffman Agency,Independent
858,Truth Agency,"Santa Ana, Calif.",2291000,12.6,Truth Agency,Independent
859,LaGrant Communications,Los Angeles,2256000,-23.5,LaGrant Communications,Independent
860,Squeaky Wheel Media,New York,2236000,-23.4,Squeaky Wheel Media,Independent
861,Morrow Media*,"Forest Hills, N.Y.",2220000,,Morrow Media,Independent
862,Singer Associates*,San Francisco,2220000,2.8,Singer Associates,Independent
863,Borenstein Group,"Fairfax, Va.",2200000,10.0,Borenstein Group,Independent
864,Princeton Partners,"Princeton, N.J.",2127000,6.5,Princeton Partners,Independent
865,Trumpet,New Orleans,2125000,45.4,Trumpet,Independent
866,Demi & Cooper,"Elgin, Ill.",2100000,40.0,Demi & Cooper,Independent
867,Submit Express,"Burbank, Calif.",2100000,-4.5,Submit Express,Independent
868,Steel Branding,"Austin, Texas",2055000,68.7,Steel Branding,Independent
869,ASB Communications,New York,2016000,-12.3,ASB Communications,Independent
870,Renegade,New York,2000000,17.6,Renegade,Independent
871,Creative Department,Cincinnati,1950000,-15.2,Creative Department,Independent
872,Leopold Ketel & Partners*,"Portland, Ore.",1950000,-18.8,Leopold Ketel & Partners,Independent
873,K. Fernandez & Associates,San Antonio,1917000,-33.7,K. Fernandez & Associates,Independent
874,Glyphix*,"West Hills, Calif.",1857000,-7.2,Glyphix,Independent
875,Object DC,"Vienna, Va.",1852000,74.0,Object DC,Independent
876,N&A Advertising*,Atlanta,1850000,48.0,N&A Advertising,Independent
877,Tipton & Maglione,"Great Neck, N.Y.",1850000,5.7,Tipton & Maglione,Independent
878,Coates Kokes,"Portland, Ore.",1836000,-11.7,Coates Kokes,Independent
879,Freebairn & Co.,Atlanta,1825000,5.8,Freebairn & Co.,Independent
880,Foster Marketing,"Lafayette, La.",1749000,33.0,Foster Marketing,Independent
881,"Latorra, Paul & McCann Advertising","Syracuse, N.Y.",1747000,2.7,"Latorra, Paul & McCann Advertising",Independent
882,T.D. Wang Advertising Group,Seattle,1700000,53.5,T.D. Wang Advertising Group,Independent
883,Hydrogen Advertising,Seattle,1690000,30.2,Hydrogen Advertising,Independent
884,Ohlmann Group*,"Dayton, Ohio",1658000,-2.5,Ohlmann Group,Independent
885,Media Powers*,"Roswell, Ga.",1650000,68.7,Media Powers,Independent
886,Martz Agency,"Scottsdale, Ariz.",1609000,31.3,Martz Agency,Independent
887,PriMedia,"Warwick, R.I.",1601000,-31.8,PriMedia,Independent
888,Siddall,"Richmond, Va.",1583000,-30.9,Siddall,Independent
889,Premier Sports Management*,"Overland Park, Kan.",1568000,-3.8,Premier Sports Management,Independent
890,Time Advertising*,"Millbrae, Calif.",1550000,0.0,Time Advertising,Independent
891,OneWorld Communications,San Francisco,1543000,8.1,OneWorld Communications,Independent
892,TotalCom,"Tuscaloosa, Ala.",1531000,10.9,TotalCom,Independent
893,Ideal Promotions*,Chicago,1500000,0.0,Ideal Promotions,Independent
894,Modern Marketing Partners,"Naperville, Ill.",1482000,,Modern Marketing Partners,Independent
895,Hanapin Marketing,"Bloomington, Ind.",1479000,4.5,Hanapin Marketing,Independent
896,Sockeye,"Portland, Ore.",1467000,9.4,Sockeye,Independent
897,Brand Arc*,Los Angeles,1440000,14.3,Brand Arc,Independent
898,Huntsinger & Jeffer,"Richmond, Va.",1397000,6.4,Huntsinger & Jeffer,Independent
899,Oink Ink*,New York,1300000,0.0,Oink Ink,Independent
900,Bull-White House*,New York,1295000,,Bull-White House,Independent
901,Touchdown Media,"Metuchen, N.J.",1261000,0.9,Touchdown Media,Independent
902,FPO Marketing,San Antonio,1225000,21.6,FPO Marketing,Independent
903,Beyond Total Branding,Miami,1200000,26.3,Beyond Total Branding,Independent
904,Capital Position,"Weehawken, N.J.",1200000,84.6,Capital Position,Independent
905,Nye & Associates,"Wichita, Kan.",1200000,20.0,Nye & Associates,Independent
906,ScreenPlay InterActive*,"Clark, N.J.",1200000,0.0,ScreenPlay InterActive,Independent
907,Fusion B2B,"Naperville, Ill.",1142000,-42.5,Fusion B2B,Independent
908,Villing & Co.,"South Bend, Ind.",1124000,13.0,Villing & Co.,Independent
909,J-U Carter*,"San Clemente, Calif.",1100000,0.0,J-U Carter,Independent
910,Sid Lee,Montreal,1035000,-7.3,Sid Lee,Independent
911,Vizion Interactive,"Irving, Texas",973000,-29.2,Vizion Interactive,Independent
912,ENA Healthcare Communications,"Fair Haven, N.J.",950000,58.3,ENA Healthcare Communications,Independent
913,I Imagine Studio*,"Evanston, Ill.",930000,20.0,I Imagine Studio,Independent
914,White Good,"Lancaster, Pa.",909000,-6.5,White Good,Independent
915,Spitfire Interactive*,"Westport, Conn.",861000,11.1,Spitfire Interactive,Independent
916,Mandala,"Bend, Ore.",823000,-36.3,Mandala,Independent
917,LP&G,"Tucson, Ariz.",737000,-9.8,LP&G,Independent
918,Kinzie & Green,"Wausau, Wis.",715000,-13.7,Kinzie & Green,Independent
919,We Are Social,New York,713000,,We Are Social,Independent
920,WalkerTek Interactive Marketing,"Fairfield, N.J.",648000,6.3,WalkerTek Interactive Marketing,Independent
921,TSA Communications,"Warsaw, Ind.",562000,7.7,TSA Communications,Independent
922,Mighty Fudge Studios*,"Boulder, Colo.",400000,0.0,Mighty Fudge Studios,Independent
923,Fish,Chicago,350000,55.6,Fish,Independent
924,Hudson Media Services,New York,325000,0.0,Hudson Media Services,Independent
925,Graphicmachine,"Kansas City, Mo.",259000,16.1,Graphicmachine,Independent
