,AGENCY-COMPANY,HEADQUARTERS,2010-REVENUE,% CHG,AGENCY-NAME,AGENCY-OWNER
0,Acxiom Corp.,"Little Rock, Ark.",62300000,-2.4,Acxiom Corp.,Independent
1,Epsilon [Alliance Data Systems Corp.],"Irving, Texas",58440000,19.8,Epsilon ,Alliance Data Systems Corp.
2,DraftFCB* [Interpublic (DraftFCB)],Chicago/New York,53000000,7.1,DraftFCB* ,Interpublic (DraftFCB)
3,McCann Erickson Worldwide* [Interpublic (McCann)],New York,45686300,1.5,McCann Erickson Worldwide* ,Interpublic (McCann)
4,BBDO Worldwide* [Omnicom (BBDO)],New York,45000000,3.2,BBDO Worldwide* ,Omnicom (BBDO)
5,Leo Burnett Worldwide/Arc* [Publicis (Leo Burnett)],Chicago,44101300,7.5,Leo Burnett Worldwide/Arc* ,Publicis (Leo Burnett)
6,Rapp* [Omnicom (DDB {Rapp})],New York,37650000,10.7,Rapp* ,Omnicom (DDB {Rapp})
7,JWT* [WPP (JWT)],New York,35624500,9.6,JWT* ,WPP (JWT)
8,SapientNitro [Sapient Corp.],Boston,35000000,35.1,SapientNitro ,Sapient Corp.
9,Edelman [Daniel J. Edelman],Chicago,33809000,17.9,Edelman ,Daniel J. Edelman
10,Euro RSCG Worldwide* [Havas (Euro RSCG)],New York,33720300,3.5,Euro RSCG Worldwide* ,Havas (Euro RSCG)
11,Digitas* [Publicis (Digitas)],Boston,33180000,12.5,Digitas* ,Publicis (Digitas)
12,Wunderman* [WPP (Y&R {Wunderman})],New York,32453000,8.8,Wunderman* ,WPP (Y&R {Wunderman})
13,Weber Shandwick* [Interpublic (McCann)],New York,32000000,10.0,Weber Shandwick* ,Interpublic (McCann)
14,Razorfish* [Publicis (Razorfish)],Seattle,31700000,6.4,Razorfish* ,Publicis (Razorfish)
15,Y&R* [WPP (Y&R)],New York,30400000,6.3,Y&R* ,WPP (Y&R)
16,Fleishman-Hillard* [Omnicom],St. Louis,29400000,8.1,Fleishman-Hillard* ,Omnicom
17,inVentiv Health* [inVentiv Group Holdings],"Westerville, Ohio",26942500,16.5,inVentiv Health* ,inVentiv Group Holdings
18,Carlson Marketing* [Groupe Aeroplan],Minneapolis,26625100,4.0,Carlson Marketing* ,Groupe Aeroplan
19,DDB Worldwide* [Omnicom (DDB)],New York,26355000,5.0,DDB Worldwide* ,Omnicom (DDB)
20,TBWA Worldwide* [Omnicom (TBWA)],New York,26000000,4.0,TBWA Worldwide* ,Omnicom (TBWA)
21,Merkle,"Columbia, Md.",25400000,13.9,Merkle,Independent
22,OgilvyOne Worldwide* [WPP (O&M)],New York,25100000,13.1,OgilvyOne Worldwide* ,WPP (O&M)
23,Aspen Marketing Services,"West Chicago, Ill.",24433400,8.4,Aspen Marketing Services,Independent
24,IBM Interactive* [IBM Corp.],Chicago,23360000,10.9,IBM Interactive* ,IBM Corp.
25,Starcom USA* [Publicis (SMG)],Chicago,22500000,9.0,Starcom USA* ,Publicis (SMG)
26,Rosetta,"Hamilton, N.J.",21839400,23.1,Rosetta,Independent
27,Saatchi & Saatchi* [Publicis (Saatchi)],New York,21420000,2.0,Saatchi & Saatchi* ,Publicis (Saatchi)
28,Burson-Marsteller* [WPP (Y&R {Burson-Marsteller})],New York,20000000,6.7,Burson-Marsteller* ,WPP (Y&R {Burson-Marsteller})
29,Grey* [WPP (Grey)],New York,19140000,6.3,Grey* ,WPP (Grey)
30,Hill & Knowlton* [WPP],New York,19000000,2.7,Hill & Knowlton* ,WPP
31,Ketchum* [Omnicom],New York,18500000,6.3,Ketchum* ,Omnicom
32,OMD Worldwide* [Omnicom (OMG)],New York,18360000,4.3,OMD Worldwide* ,Omnicom (OMG)
33,R/GA* [Interpublic (DraftFCB)],New York,17500000,45.8,R/GA* ,Interpublic (DraftFCB)
34,Meredith Integrated Marketing [Meredith Corp.],"Des Moines, Iowa",17300000,-2.8,Meredith Integrated Marketing ,Meredith Corp.
35,Deutsch* [Interpublic (Lowe)],New York,17160000,4.0,Deutsch* ,Interpublic (Lowe)
36,Digitas Health* [Publicis (Digitas)],Philadelphia,17043600,16.7,Digitas Health* ,Publicis (Digitas)
37,Richards Group,Dallas,17000000,0.3,Richards Group,Independent
38,MEC* [WPP (Group M)],New York/London,16842100,5.0,MEC* ,WPP (Group M)
39,Ogilvy & Mather Advertising* [WPP (O&M)],New York,16800000,8.4,Ogilvy & Mather Advertising* ,WPP (O&M)
40,Publicis* [Publicis (Publicis)],New York/Paris,16794000,8.0,Publicis* ,Publicis (Publicis)
41,Hill Holliday* [Interpublic],Boston,16640000,4.0,Hill Holliday* ,Interpublic
42,GSI Global Marketing Services* [GSI Commerce Inc.],"King of Prussia, Pa.",16288100,48.8,GSI Global Marketing Services* ,GSI Commerce Inc.
43,Mindshare Worldwide* [WPP (Group M)],New York,15909200,15.0,Mindshare Worldwide* ,WPP (Group M)
44,Campbell Ewald* [Interpublic],"Warren, Mich.",15700000,0.0,Campbell Ewald* ,Interpublic
45,MediaVest USA* [Publicis (SMG)],New York,15540000,11.0,MediaVest USA* ,Publicis (SMG)
46,Zenith Media USA* [Publicis (ZenithOptimedia)],New York,15100000,17.1,Zenith Media USA* ,Publicis (ZenithOptimedia)
47,Ogilvy CommonHealth Worldwide* [WPP (O&M)],"Parsippany, N.J.",15000000,-16.7,Ogilvy CommonHealth Worldwide* ,WPP (O&M)
48,Cramer-Krasselt,Chicago,14961500,0.7,Cramer-Krasselt,Independent
49,Crispin Porter & Bogusky* [MDC Partners],"Miami/Boulder, Colo.",14476500,4.8,Crispin Porter & Bogusky* ,MDC Partners
50,"Goodby, Silverstein & Partners* [Omnicom]",San Francisco,14274000,35.9,"Goodby, Silverstein & Partners* ",Omnicom
51,CDM New York* [Omnicom (CDM Group)],New York,14000000,7.7,CDM New York* ,Omnicom (CDM Group)
52,Wieden & Kennedy*,"Portland, Ore.",13860000,20.7,Wieden & Kennedy*,Independent
53,The Agency Inside Harte-Hanks [Harte-Hanks],"Yardley, Pa.",13858500,-1.8,The Agency Inside Harte-Hanks ,Harte-Hanks
54,Integer Group* [Omnicom (TBWA)],"Lakewood, Colo.",13716000,8.0,Integer Group* ,Omnicom (TBWA)
55,Martin Agency* [Interpublic (McCann)],"Richmond, Va.",13664000,22.0,Martin Agency* ,Interpublic (McCann)
56,iCrossing* [Hearst Corp.],"Scottsdale, Ariz.",13610000,12.0,iCrossing* ,Hearst Corp.
57,Doner*,"Southfield, Mich.",13300000,-6.3,Doner*,Independent
58,Ogilvy Public Relations Worldwide* [WPP (O&M)],New York,13000000,5.7,Ogilvy Public Relations Worldwide* ,WPP (O&M)
59,Organic* [Omnicom (BBDO)],San Francisco,12900700,-4.8,Organic* ,Omnicom (BBDO)
60,AKQA,San Francisco,12480000,26.1,AKQA,Independent
61,Euro RSCG Life* [Havas (Euro RSCG)],New York,12432000,12.0,Euro RSCG Life* ,Havas (Euro RSCG)
62,George P. Johnson [Project WorldWide],"Auburn Hills, Mich.",12199900,-1.2,George P. Johnson ,Project WorldWide
63,G2* [WPP (Grey)],New York,11785700,-1.8,G2* ,WPP (Grey)
64,MediaCom* [WPP (Group M)],New York,11278700,5.0,MediaCom* ,WPP (Group M)
65,UM* [Interpublic (Mediabrands)],New York,11257500,18.5,UM* ,Interpublic (Mediabrands)
66,McGarryBowen* [Dentsu (Dentsu Network West)],New York,11200000,60.0,McGarryBowen* ,Dentsu (Dentsu Network West)
67,RPA,"Santa Monica, Calif.",11130000,12.9,RPA,Independent
68,Momentum Worldwide* [Interpublic (McCann)],New York,11000000,8.9,Momentum Worldwide* ,Interpublic (McCann)
69,Interbrand* [Omnicom (DDB)],New York,10742200,7.4,Interbrand* ,Omnicom (DDB)
70,Horizon Media*,New York,10650000,26.8,Horizon Media*,Independent
71,Marketing Arm* [Omnicom],Dallas,10650000,6.5,Marketing Arm* ,Omnicom
72,DraftFCB Healthcare* [Interpublic (DraftFCB)],New York,10500000,20.7,DraftFCB Healthcare* ,Interpublic (DraftFCB)
73,Zimmerman Advertising* [Omnicom (TBWA)],"Fort Lauderdale, Fla.",10500000,8.2,Zimmerman Advertising* ,Omnicom (TBWA)
74,TracyLocke* [Omnicom (DDB)],Dallas,10000000,0.0,TracyLocke* ,Omnicom (DDB)
75,Waggener Edstrom Worldwide,"Bellevue, Wash.",9978600,5.5,Waggener Edstrom Worldwide,Independent
76,Arnold Worldwide* [Havas],Boston,9950000,6.0,Arnold Worldwide* ,Havas
77,McCann Healthcare Worldwide* [Interpublic (McCann)],"Parsippany, N.J.",9518600,4.6,McCann Healthcare Worldwide* ,Interpublic (McCann)
78,Critical Mass* [Omnicom],Chicago,9500000,26.7,Critical Mass* ,Omnicom
79,Mullen* [Interpublic],Boston,9300000,12.0,Mullen* ,Interpublic
80,Sudler & Hennessey* [WPP (Y&R)],New York,9200000,12.2,Sudler & Hennessey* ,WPP (Y&R)
81,Tribal DDB* [Omnicom (DDB)],New York,9020000,7.4,Tribal DDB* ,Omnicom (DDB)
82,GolinHarris* [Interpublic],Chicago,9000000,3.0,GolinHarris* ,Interpublic
83,Porter Novelli* [Omnicom],New York,9000000,3.0,Porter Novelli* ,Omnicom
84,VML* [WPP (Y&R)],"Kansas City, Mo.",9000000,12.5,VML* ,WPP (Y&R)
85,Initiative* [Interpublic (Mediabrands)],New York,8900000,12.7,Initiative* ,Interpublic (Mediabrands)
86,GyroHSR*,New York,8870600,4.1,GyroHSR*,Independent
87,Possible Worldwide* [WPP (WPP Digital)],New York,8700000,,Possible Worldwide* ,WPP (WPP Digital)
88,Accent Marketing Services* [MDC Partners],"Jeffersonville, Ind.",8582500,-19.1,Accent Marketing Services* ,MDC Partners
89,MRM Worldwide* [Interpublic (McCann)],New York,8550000,14.0,MRM Worldwide* ,Interpublic (McCann)
90,GMR Marketing* [Omnicom],"New Berlin, Wis.",8500000,9.0,GMR Marketing* ,Omnicom
91,Octagon* [Interpublic],"Norwalk, Conn.",8470000,10.0,Octagon* ,Interpublic
92,Proximity Worldwide* [Omnicom (BBDO)],New York,8355200,12.0,Proximity Worldwide* ,Omnicom (BBDO)
93,Kirshenbaum Bond Senecal & Partners* [MDC Partners],New York,8325000,11.0,Kirshenbaum Bond Senecal & Partners* ,MDC Partners
94,SolutionSet,"Mill Valley, Calif.",8307800,6.0,SolutionSet,Independent
95,Jack Morton Worldwide* [Interpublic],Boston,8250000,15.8,Jack Morton Worldwide* ,Interpublic
96,Goodness Mfg./Trailer Park,Los Angeles,8200000,5.1,Goodness Mfg./Trailer Park,Independent
97,GHG* [WPP (Grey)],New York,8141400,3.4,GHG* ,WPP (Grey)
98,MSL* [Publicis (MSL Group)],Paris,8097200,3.6,MSL* ,Publicis (MSL Group)
99,Ruder Finn [Ruder Finn Group],New York,8088200,13.8,Ruder Finn ,Ruder Finn Group
100,Carat* [Aegis Group],New York,8000000,6.7,Carat* ,Aegis Group
101,Lowe Healthcare Worldwide* [Interpublic (Lowe)],"Parsippany, N.J.",7800000,0.8,Lowe Healthcare Worldwide* ,Interpublic (Lowe)
102,Targetbase* [Omnicom],"Irving, Texas",7800000,4.0,Targetbase* ,Omnicom
103,FD* [FTI Consulting],New York/London,7727900,7.3,FD* ,FTI Consulting
104,Apco Worldwide,Washington,7500700,25.0,Apco Worldwide,Independent
105,360i* [Dentsu (Dentsu Network West)],New York,7500000,25.0,360i* ,Dentsu (Dentsu Network West)
106,Harrison & Star* [Omnicom],New York,7500000,7.0,Harrison & Star* ,Omnicom
107,Landor Associates* [WPP (Y&R)],San Francisco,7500000,14.5,Landor Associates* ,WPP (Y&R)
108,MPG* [Havas (Havas Media)],New York,7500000,-7.7,MPG* ,Havas (Havas Media)
109,SourceLink,"Itasca, Ill.",7260000,3.7,SourceLink,Independent
110,Hawkeye [Hawkeye Group],Dallas,7257000,7.0,Hawkeye ,Hawkeye Group
111,Acquity Group,Chicago,7250000,41.4,Acquity Group,Independent
112,Publicis Modem* [Publicis (Publicis)],New York,7250000,16.0,Publicis Modem* ,Publicis (Publicis)
113,GSD&M* [Omnicom],"Austin, Texas",7200000,0.0,GSD&M* ,Omnicom
114,PHD* [Omnicom (OMG)],London,7200000,7.0,PHD* ,Omnicom (OMG)
115,AbelsonTaylor,Chicago,7044800,4.8,AbelsonTaylor,Independent
116,NSI/Razor,St. Louis,7023600,13.6,NSI/Razor,Independent
117,TMP Worldwide Advertising & Communications [TMP Worldwide],New York,6926800,15.4,TMP Worldwide Advertising & Communications ,TMP Worldwide
118,Cohn & Wolfe* [WPP (Y&R)],New York,6875000,0.0,Cohn & Wolfe* ,WPP (Y&R)
119,Plattform Advertising [Ad Venture Interactive],"Lenexa, Kan.",6846600,1.2,Plattform Advertising ,Ad Venture Interactive
120,CAHG* [Omnicom],Chicago,6782300,10.6,CAHG* ,Omnicom
121,Geomentum* [Interpublic (Mediabrands)],"Downers Grove, Ill.",6615000,-9.1,Geomentum* ,Interpublic (Mediabrands)
122,GlobalHue*,"Southfield, Mich.",6567000,1.8,GlobalHue*,Independent
123,Moxie Interactive* [Publicis (ZenithOptimedia)],Atlanta,6500000,8.3,Moxie Interactive* ,Publicis (ZenithOptimedia)
124,Olson,Minneapolis,6480000,25.6,Olson,Independent
125,Brunswick*,London,6100000,,Brunswick*,Independent
126,Medicus Life Brands* [Publicis (PHCG)],New York,6100000,0.0,Medicus Life Brands* ,Publicis (PHCG)
127,22squared,Atlanta,6078500,5.9,22squared,Independent
128,Team Enterprises* [MDC Partners],"Fort Lauderdale, Fla.",6000000,9.1,Team Enterprises* ,MDC Partners
129,Ryan Partnership [D.L. Ryan Cos. (Ryan Partnership)],"Wilton, Conn.",5738100,1.7,Ryan Partnership ,D.L. Ryan Cos. (Ryan Partnership)
130,Global Experience Specialists* [Viad Corp.],Las Vegas,5590000,9.0,Global Experience Specialists* ,Viad Corp.
131,Kaplan Thaler Group* [Publicis],New York,5500000,10.0,Kaplan Thaler Group* ,Publicis
132,TBA Global,New York,5500000,1.7,TBA Global,Independent
133,Team One* [Publicis (Saatchi)],"El Segundo, Calif.",5475000,9.5,Team One* ,Publicis (Saatchi)
134,Huntsworth Health* [Huntsworth],"Yardley, Pa.",5451100,4.1,Huntsworth Health* ,Huntsworth
135,Fry*,"Ann Arbor, Mich.",5330000,7.9,Fry*,Independent
136,Resource Interactive,"Columbus, Ohio",5300000,29.3,Resource Interactive,Independent
137,Blast Radius* [WPP (Y&R {Wunderman})],Vancouver,5200000,23.8,Blast Radius* ,WPP (Y&R {Wunderman})
138,iProspect* [Aegis Group],Boston,5200000,20.9,iProspect* ,Aegis Group
139,Derse*,Milwaukee,5192500,6.0,Derse*,Independent
140,R2C Group,"Portland, Ore.",5192400,1.5,R2C Group,Independent
141,Roundarch,Chicago,5148800,10.9,Roundarch,Independent
142,Grayling* [Huntsworth],London,5049100,2.1,Grayling* ,Huntsworth
143,Ascentium,"Bellevue, Wash.",5020000,-23.9,Ascentium,Independent
144,GAPRC Group,"Stone Mountain, Ga.",5010000,27.2,GAPRC Group,Independent
145,Brierley & Partners* [WPP],"Plano, Texas",4800000,,Brierley & Partners* ,WPP
146,IMC* [IMC2],Dallas,4800000,-4.0,IMC* ,IMC2
147,Saatchi & Saatchi Health Communications NY* [Publicis (PHCG)],New York,4650000,0.0,Saatchi & Saatchi Health Communications NY* ,Publicis (PHCG)
148,Periscope,Minneapolis,4649700,0.6,Periscope,Independent
149,LBi [LBi International],New York,4600000,7.0,LBi ,LBi International
150,Neo@Ogilvy* [WPP (O&M)],New York,4600000,21.1,Neo@Ogilvy* ,WPP (O&M)
151,Group M Search* [WPP (Group M)],St. Louis,4549500,35.0,Group M Search* ,WPP (Group M)
152,Fallon Worldwide* [Publicis],Minneapolis,4500000,12.5,Fallon Worldwide* ,Publicis
153,15miles,New York,4443600,-8.7,15miles,Independent
154,McMurry,Phoenix,4400000,-10.2,McMurry,Independent
155,Bernstein-Rein Advertising,"Kansas City, Mo.",4353500,0.6,Bernstein-Rein Advertising,Independent
156,Moroch Partners,Dallas,4324400,1.9,Moroch Partners,Independent
157,Band Digital,Chicago,4301400,-9.7,Band Digital,Independent
158,OgilvyAction* [WPP (O&M)],New York,4300000,19.4,OgilvyAction* ,WPP (O&M)
159,Huge* [Interpublic (Lowe)],"Brooklyn, N.Y.",4284200,38.2,Huge* ,Interpublic (Lowe)
160,Barkley,"Kansas City, Mo.",4236400,-3.3,Barkley,Independent
161,Group360 Worldwide,St. Louis,4200000,0.0,Group360 Worldwide,Independent
162,Javelin Marketing Group* [Omnicom],"Irving, Texas",4200000,-6.0,Javelin Marketing Group* ,Omnicom
163,Pacific Communications,"Costa Mesa, Calif.",4161900,18.6,Pacific Communications,Independent
164,Siegel & Gale* [Omnicom],New York,4125000,26.9,Siegel & Gale* ,Omnicom
165,Marketing Drive* [RiverNorth Group (KB Holdings)],"Norwalk, Conn.",4116000,-1.8,Marketing Drive* ,RiverNorth Group (KB Holdings)
166,GMMB* [Omnicom],Washington,4100000,7.9,GMMB* ,Omnicom
167,ePrize,"Pleasant Ridge, Mich.",4071800,12.8,ePrize,Independent
168,Carmichael Lynch* [Interpublic],Minneapolis,4050000,0.0,Carmichael Lynch* ,Interpublic
169,McKinney,"Durham, N.C.",4000000,41.5,McKinney,Independent
170,Kekst & Co.* [Publicis (MSL Group)],New York,4000000,2.4,Kekst & Co.* ,Publicis (MSL Group)
171,Optimedia International U.S.* [Publicis (ZenithOptimedia)],New York,4000000,2.0,Optimedia International U.S.* ,Publicis (ZenithOptimedia)
172,Amp Agency [Alloy Media & Marketing],Boston,3931000,4.0,Amp Agency ,Alloy Media & Marketing
173,Bartle Bogle Hegarty*,London,3900000,21.9,Bartle Bogle Hegarty*,Independent
174,JWT Inside* [WPP (JWT)],New York,3870700,7.5,JWT Inside* ,WPP (JWT)
175,BVK,Milwaukee,3860000,31.3,BVK,Independent
176,Martin Williams Advertising* [Omnicom],Minneapolis,3846600,5.0,Martin Williams Advertising* ,Omnicom
177,R&R Partners,Las Vegas,3752600,6.5,R&R Partners,Independent
178,Efficient Frontier*,"Sunnyvale, Calif.",3750000,25.0,Efficient Frontier*,Independent
179,WCG,San Francisco,3700800,37.4,WCG,Independent
180,Dieste* [Omnicom],Dallas,3700000,0.0,Dieste* ,Omnicom
181,E-Graphics Worldwide* [Omnicom (TBWA)],"Long Beach, Calif.",3700000,-2.6,E-Graphics Worldwide* ,Omnicom (TBWA)
182,Marketing Store,"Lombard, Ill.",3670000,-12.6,Marketing Store,Independent
183,Engauge,"Columbus, Ohio",3662700,2.2,Engauge,Independent
184,MediaWhiz,New York,3642300,32.3,MediaWhiz,Independent
185,Catapult Integrated Services [D.L. Ryan Cos. (Ryan Partnership)],"Westport, Conn.",3578200,7.6,Catapult Integrated Services ,D.L. Ryan Cos. (Ryan Partnership)
186,Mars Advertising,"Southfield, Mich.",3547800,3.5,Mars Advertising,Independent
187,Doremus* [Omnicom],New York,3520000,10.0,Doremus* ,Omnicom
188,Macquarium Intelligent Communications,Atlanta,3500000,6.1,Macquarium Intelligent Communications,Independent
189,U.S. International Media*,Los Angeles,3500000,20.7,U.S. International Media*,Independent
190,BFG Communications,"Bluffton, S.C.",3483000,10.5,BFG Communications,Independent
191,MWW Group*,"East Rutherford, N.J.",3479800,3.0,MWW Group*,Independent
192,Marketing Werks,Chicago,3445800,,Marketing Werks,Independent
193,Campbell Mithun* [Interpublic (McCann)],Minneapolis,3445000,-35.0,Campbell Mithun* ,Interpublic (McCann)
194,CementBloc,New York,3390000,24.0,CementBloc,Independent
195,Hacker Group* [Interpublic (DraftFCB)],Seattle,3350000,4.7,Hacker Group* ,Interpublic (DraftFCB)
196,Mktg,New York,3334000,4.6,Mktg,Independent
197,"Venables, Bell & Partners",San Francisco,3332600,14.9,"Venables, Bell & Partners",Independent
198,LLNS* [Omnicom],New York,3319300,10.6,LLNS* ,Omnicom
199,Grizzard Communications Group* [Omnicom],Atlanta,3258000,3.1,Grizzard Communications Group* ,Omnicom
200,SMG Performance Marketing* [Publicis (SMG)],New York,3200000,18.5,SMG Performance Marketing* ,Publicis (SMG)
201,Zaaz* [WPP (Y&R {Wunderman})],Seattle,3200000,28.0,Zaaz* ,WPP (Y&R {Wunderman})
202,Paradysz,New York,3169300,14.9,Paradysz,Independent
203,Switch,St. Louis,3140000,12.1,Switch,Independent
204,Team Epic* [Aegis Group],"Norwalk, Conn.",3140000,20.3,Team Epic* ,Aegis Group
205,Saatchi & Saatchi X* [Publicis (Saatchi)],"Springdale, Ark.",3120000,4.0,Saatchi & Saatchi X* ,Publicis (Saatchi)
206,Star Group,"Voorhees, N.J.",3100400,-0.4,Star Group,Independent
207,"Butler, Shine, Stern & Partners","Sausalito, Calif.",3095600,1.1,"Butler, Shine, Stern & Partners",Independent
208,Zeta Interactive,New York,3090700,0.0,Zeta Interactive,Independent
209,Integrated Media Solutions* [MDC Partners],"Beverly Hills, Calif.",3076400,7.5,Integrated Media Solutions* ,MDC Partners
210,Rauxa Direct,"Costa Mesa, Calif.",3070700,-19.8,Rauxa Direct,Independent
211,Eric Mower & Associates,"Syracuse, N.Y.",3056200,-7.3,Eric Mower & Associates,Independent
212,BGT Partners,Miami,3052000,40.0,BGT Partners,Independent
213,Bravo Group* [WPP (Y&R)],Miami,3000000,12.0,Bravo Group* ,WPP (Y&R)
214,FutureBrand* [Interpublic (McCann)],London,3000000,-7.7,FutureBrand* ,Interpublic (McCann)
215,Russ Reid Co.* [Omnicom],"Pasadena, Calif.",3000000,5.3,Russ Reid Co.* ,Omnicom
216,Maxus* [WPP (Group M)],New York,2993000,10.0,Maxus* ,WPP (Group M)
217,Qorvis Communications*,Washington,2970000,,Qorvis Communications*,Independent
218,Ackerman McQueen,Oklahoma City,2958700,7.5,Ackerman McQueen,Independent
219,Acronym Media,New York,2950000,9.3,Acronym Media,Independent
220,Anderson Direct Marketing,"Poway, Calif.",2950000,23.4,Anderson Direct Marketing,Independent
221,Merkley & Partners* [Omnicom],New York,2925000,0.0,Merkley & Partners* ,Omnicom
222,Performics* [Publicis (ZenithOptimedia)],Chicago,2889000,7.0,Performics* ,Publicis (ZenithOptimedia)
223,Bernard Hodes Group* [Omnicom],New York,2852000,-8.0,Bernard Hodes Group* ,Omnicom
224,Haworth Marketing & Media,Minneapolis,2850000,14.0,Haworth Marketing & Media,Independent
225,Allen & Gerritsen,"Watertown, Mass.",2844500,22.0,Allen & Gerritsen,Independent
226,180 Amsterdam/180LA* [Omnicom],"Amsterdam/Santa Monica, Calif.",2800000,,180 Amsterdam/180LA* ,Omnicom
227,Cramer,"Norwood, Mass.",2800000,12.0,Cramer,Independent
228,Kinetic* [WPP (Tenthavenue)],London,2768000,14.3,Kinetic* ,WPP (Tenthavenue)
229,Risdall Advertising,"New Brighton, Minn.",2756000,-1.7,Risdall Advertising,Independent
230,Colle & McVoy* [MDC Partners],Minneapolis,2754400,3.8,Colle & McVoy* ,MDC Partners
231,Eveo,San Francisco,2750000,26.4,Eveo,Independent
232,Saatchi & Saatchi Wellness* [Publicis (PHCG)],New York,2740000,0.0,Saatchi & Saatchi Wellness* ,Publicis (PHCG)
233,Marc USA,Pittsburgh,2733500,3.5,Marc USA,Independent
234,Factory Design Labs,Denver,2709200,27.2,Factory Design Labs,Independent
235,Lippincott*,New York,2700000,6.4,Lippincott*,Independent
236,Gotham* [Interpublic (McCann)],New York,2681300,62.5,Gotham* ,Interpublic (McCann)
237,Quigley-Simpson,Los Angeles,2658900,20.0,Quigley-Simpson,Independent
238,ICR,"Norwalk, Conn.",2651500,20.5,ICR,Independent
239,Magnani Caruso Dutton,New York,2642600,13.8,Magnani Caruso Dutton,Independent
240,Inter/Media Advertising,"Encino, Calif.",2640000,11.2,Inter/Media Advertising,Independent
241,CMD,"Portland, Ore.",2630000,11.4,CMD,Independent
242,T3,"Austin, Texas",2614200,26.8,T3,Independent
243,Allied Integrated Marketing,Boston,2600000,-8.5,Allied Integrated Marketing,Independent
244,The Search Agency*,"Santa Monica, Calif.",2590800,27.0,The Search Agency*,Independent
245,Bader Rutter & Associates,"Brookfield, Wis.",2587200,15.0,Bader Rutter & Associates,Independent
246,M.J. Brunner,Pittsburgh,2563700,27.3,M.J. Brunner,Independent
247,Brodeur Partners*,Boston,2550000,6.5,Brodeur Partners*,Independent
248,RTC Relationship Marketing* [WPP (Y&R {Wunderman})],Washington,2544100,3.0,RTC Relationship Marketing* ,WPP (Y&R {Wunderman})
249,Davis Elen Advertising,Los Angeles,2536100,19.9,Davis Elen Advertising,Independent
250,Isobar* [Aegis Group],London,2500000,,Isobar* ,Aegis Group
251,Marina Maher Communications,New York,2500000,,Marina Maher Communications,Independent
252,Alcone Marketing Group* [Omnicom],"Irvine, Calif.",2438000,6.0,Alcone Marketing Group* ,Omnicom
253,DKC,New York,2426000,10.0,DKC,Independent
254,Space150,Minneapolis,2423000,72.1,Space150,Independent
255,Mercury Media,"Santa Monica, Calif.",2415200,-17.0,Mercury Media,Independent
256,Creative Alliance,"Louisville, Ky.",2414400,6.3,Creative Alliance,Independent
257,Lopez Negrete Communications,Houston,2409000,-4.0,Lopez Negrete Communications,Independent
258,Droga5*,New York,2400000,41.2,Droga5*,Independent
259,Mother New York [Mother Holdings],New York,2400000,50.0,Mother New York ,Mother Holdings
260,Resolution Media* [Omnicom (OMG)],Chicago,2400000,,Resolution Media* ,Omnicom (OMG)
261,CCG Marketing Solutions,"West Caldwell, N.J.",2390500,3.0,CCG Marketing Solutions,Independent
262,TM Advertising* [Interpublic (McCann)],Dallas,2380000,-30.0,TM Advertising* ,Interpublic (McCann)
263,MMG Worldwide,"Kansas City, Mo.",2360000,1.8,MMG Worldwide,Independent
264,Agency Rx* [Omnicom (CDM Group)],New York,2350000,0.0,Agency Rx* ,Omnicom (CDM Group)
265,Element 79* [Omnicom],Chicago,2346000,-3.5,Element 79* ,Omnicom
266,BKV,"Overland Park, Kan.",2334700,3.2,BKV,Independent
267,Unit 7* [Omnicom],New York,2310000,5.0,Unit 7* ,Omnicom
268,Pop,Seattle,2302400,27.9,Pop,Independent
269,Dailey* [Interpublic (DraftFCB)],"West Hollywood, Calif.",2300000,0.0,Dailey* ,Interpublic (DraftFCB)
270,Wirestone,"Sacramento, Calif.",2300000,-6.1,Wirestone,Independent
271,Sigma Group,"Oradell, N.J.",2289800,29.0,Sigma Group,Independent
272,WongDoody,Seattle,2250000,-5.1,WongDoody,Independent
273,Schwartz Communications,"Waltham, Mass.",2237200,-3.1,Schwartz Communications,Independent
274,Burrell Communications Group* [Publicis],Chicago,2220000,1.4,Burrell Communications Group* ,Publicis
275,Just Marketing International*,"Zionsville, Ind.",2208800,,Just Marketing International*,Independent
276,72andSunny Partners* [MDC Partners],Los Angeles,2206500,202.0,72andSunny Partners* ,MDC Partners
277,Enlighten,"Ann Arbor, Mich.",2200000,15.8,Enlighten,Independent
278,Sterling-Rice Group,"Boulder, Colo.",2193900,31.7,Sterling-Rice Group,Independent
279,Eleven,San Francisco,2178100,26.4,Eleven,Independent
280,Media Contacts* [Havas (Havas Media)],Boston,2170000,31.5,Media Contacts* ,Havas (Havas Media)
281,Vidal Partnership*,New York,2160000,-38.3,Vidal Partnership*,Independent
282,Agency 212,New York,2150000,0.0,Agency 212,Independent
283,Blue State Digital* [WPP (WPP Digital)],New York,2145000,67.6,Blue State Digital* ,WPP (WPP Digital)
284,Osborn & Barr,St. Louis,2142900,20.8,Osborn & Barr,Independent
285,GA Communication Group,Chicago,2120000,11.6,GA Communication Group,Independent
286,UniWorld Group* [WPP],"Brooklyn, N.Y.",2117500,-2.0,UniWorld Group* ,WPP
287,LatinWorks* [Omnicom],"Austin, Texas",2117000,7.4,LatinWorks* ,Omnicom
288,FKM,Houston,2116700,-8.3,FKM,Independent
289,HL Group Partners* [MDC Partners],New York,2100000,47.9,HL Group Partners* ,MDC Partners
290,Upshot [Emak Worldwide],Chicago,2064200,18.2,Upshot ,Emak Worldwide
291,Fahlgren,"Columbus, Ohio",2016700,-13.9,Fahlgren,Independent
292,DeVries Public Relations* [Interpublic],New York,2012500,2.0,DeVries Public Relations* ,Interpublic
293,Mr. Youth,New York,2000000,17.6,Mr. Youth,Independent
294,Razorfish Health* [Publicis (Razorfish)],Philadelphia,2000000,5.3,Razorfish Health* ,Publicis (Razorfish)
295,Avrett Free Ginsberg* [Interpublic (McCann)],New York,1995000,5.0,Avrett Free Ginsberg* ,Interpublic (McCann)
296,David & Goliath*,"El Segundo, Calif.",1989000,2.0,David & Goliath*,Independent
297,Intermark Group,"Birmingham, Ala.",1980000,16.1,Intermark Group,Independent
298,Source Marketing* [MDC Partners],"Norwalk, Conn.",1980000,37.8,Source Marketing* ,MDC Partners
299,Conill* [Publicis (Saatchi)],Miami,1971000,9.5,Conill* ,Publicis (Saatchi)
300,Fitzgerald & Co.* [Interpublic (McCann)],Atlanta,1965100,9.2,Fitzgerald & Co.* ,Interpublic (McCann)
301,Laughlin/Constable,Milwaukee,1950000,0.5,Laughlin/Constable,Independent
302,Regan Communications [Regan Communications Group],Boston,1946200,-2.0,Regan Communications ,Regan Communications Group
303,JWT Action* [WPP (JWT)],"Akron, Ohio",1940200,9.6,JWT Action* ,WPP (JWT)
304,Taylor Global,New York,1930000,1.0,Taylor Global,Independent
305,Kern Organization* [Omnicom (DDB {Rapp})],"Woodland Hills, Calif.",1922900,7.4,Kern Organization* ,Omnicom (DDB {Rapp})
306,Images USA*,Atlanta,1920000,0.0,Images USA*,Independent
307,Vitro* [MDC Partners],San Diego,1910000,29.9,Vitro* ,MDC Partners
308,Alma DDB* [Omnicom (DDB)],Miami,1904400,9.4,Alma DDB* ,Omnicom (DDB)
309,Brandimage,"Northbrook, Ill.",1900000,11.8,Brandimage,Independent
310,Marquette Group,"Peoria, Ill.",1894000,30.2,Marquette Group,Independent
311,Dudnyk Exchange,"Horsham, Pa.",1870000,17.3,Dudnyk Exchange,Independent
312,Impaqt [Merkle],Pittsburgh,1870000,3.3,Impaqt ,Merkle
313,Cone* [Omnicom],Boston,1863800,6.5,Cone* ,Omnicom
314,Legacy Marketing Partners [RiverNorth Group (KB Holdings)],Chicago,1854100,10.3,Legacy Marketing Partners ,RiverNorth Group (KB Holdings)
315,Partners & Napier [Project WorldWide],"Rochester, N.Y.",1850000,5.7,Partners & Napier ,Project WorldWide
316,Zubi Advertising Services,"Coral Gables, Fla.",1850000,2.8,Zubi Advertising Services,Independent
317,Publicis & Hal Riney* [Publicis (Publicis)],San Francisco,1836000,8.0,Publicis & Hal Riney* ,Publicis (Publicis)
318,Dentsu America* [Dentsu (Dentsu Network West)],New York,1830000,8.0,Dentsu America* ,Dentsu (Dentsu Network West)
319,SK&G*,Las Vegas,1794000,-1.5,SK&G*,Independent
320,Cadient Group*,"King of Prussia, Pa.",1790000,-16.4,Cadient Group*,Independent
321,Ignited,"El Segundo, Calif.",1783000,-19.9,Ignited,Independent
322,Carol H. Williams Advertising,"Emeryville, Calif.",1782200,-15.2,Carol H. Williams Advertising,Independent
323,Adcom Group,Cleveland,1750000,4.8,Adcom Group,Independent
324,Brand Union* [WPP],New York,1700000,25.9,Brand Union* ,WPP
325,Padilla Speer Beardsley*,Minneapolis,1700000,11.8,Padilla Speer Beardsley*,Independent
326,rEvolution,Chicago,1700000,30.8,rEvolution,Independent
327,Tapestry* [Publicis (SMG)],Chicago,1699500,10.0,Tapestry* ,Publicis (SMG)
328,Digitaria* [WPP (JWT)],San Diego,1680000,20.0,Digitaria* ,WPP (JWT)
329,McCormick Co.,"Amarillo, Texas",1677400,1.4,McCormick Co.,Independent
330,Buntin Group,"Nashville, Tenn.",1670000,8.4,Buntin Group,Independent
331,Direct Partners* [Omnicom],"Marina del Rey, Calif.",1664000,-2.1,Direct Partners* ,Omnicom
332,Moosylvania,St. Louis,1649500,8.8,Moosylvania,Independent
333,PainePR [Vision7 Int'l],"Irvine, Calif.",1649500,32.7,PainePR ,Vision7 Int'l
334,Cheil Worldwide,New York,1646900,-25.1,Cheil Worldwide,Independent
335,One to One,"Charlestown, Mass.",1645000,29.5,One to One,Independent
336,Elias/Savion Advertising,Pittsburgh,1625000,12.3,Elias/Savion Advertising,Independent
337,Sawtooth,"Woodbridge, N.J.",1620000,0.2,Sawtooth,Independent
338,Della Femina/Rothschild/Jeary & Partners,New York,1610000,-10.1,Della Femina/Rothschild/Jeary & Partners,Independent
339,Coyne Public Relations,"Parsippany, N.J.",1605100,31.8,Coyne Public Relations,Independent
340,Allison & Partners* [MDC Partners],San Francisco,1598200,9.0,Allison & Partners* ,MDC Partners
341,De la Cruz Group,"Guaynabo, Puerto Rico",1571300,15.0,De la Cruz Group,Independent
342,Kang & Lee Advertising* [WPP (Y&R)],New York,1560000,4.0,Kang & Lee Advertising* ,WPP (Y&R)
343,Brandthread,"Miramar, Fla.",1557500,18.3,Brandthread,Independent
344,Marden-Kane,"Garden City, N.Y.",1555900,-7.2,Marden-Kane,Independent
345,Gibbs & Soell,New York,1550000,-5.5,Gibbs & Soell,Independent
346,Serino Coyne* [Omnicom],New York,1542900,18.0,Serino Coyne* ,Omnicom
347,TBC,Baltimore,1542700,1.5,TBC,Independent
348,Peter A. Mayer Advertising,New Orleans,1541600,-2.6,Peter A. Mayer Advertising,Independent
349,Luckie & Co.,"Birmingham, Ala.",1533800,22.4,Luckie & Co.,Independent
350,AdAsia Communications,New York,1525700,12.8,AdAsia Communications,Independent
351,Sanders/Wingo,"El Paso, Texas",1511000,-9.4,Sanders/Wingo,Independent
352,Arnell Group* [Omnicom],New York,1500000,-42.3,Arnell Group* ,Omnicom
353,Berlin Cameron United* [WPP (United)],New York,1500000,0.0,Berlin Cameron United* ,WPP (United)
354,Gage,Minneapolis,1500000,4.9,Gage,Independent
355,Noble*,"Springfield, Mo.",1500000,-4.4,Noble*,Independent
356,Publicis Consultants* [Publicis (MSL Group)],Paris,1500000,7.1,Publicis Consultants* ,Publicis (MSL Group)
357,Reprise Media* [Interpublic (Mediabrands)],New York,1500000,9.4,Reprise Media* ,Interpublic (Mediabrands)
358,Williams-Labadie* [Publicis (PHCG)],Chicago,1495000,0.0,Williams-Labadie* ,Publicis (PHCG)
359,Natrel Communications,"Parsippany, N.J.",1490000,13.9,Natrel Communications,Independent
360,Prime Access*,New York,1490000,,Prime Access*,Independent
361,Anomaly* [MDC Partners],New York,1487500,21.4,Anomaly* ,MDC Partners
362,Greater Than One,New York,1475000,13.5,Greater Than One,Independent
363,Marketing Support,Chicago,1457100,22.3,Marketing Support,Independent
364,Hoffman/Lewis,San Francisco,1456300,-0.2,Hoffman/Lewis,Independent
365,Grupo Gallegos,"Long Beach, Calif.",1450000,,Grupo Gallegos,Independent
366,Text 100 Global Public Relations [Next Fifteen Communications Group],New York,1450000,-14.7,Text 100 Global Public Relations ,Next Fifteen Communications Group
367,Definition 6,Atlanta,1441800,54.9,Definition 6,Independent
368,Heartbeat Ideas,New York,1440000,9.9,Heartbeat Ideas,Independent
369,MMB*,Boston,1440000,13.4,MMB*,Independent
370,Northlich*,Cincinnati,1436400,-10.0,Northlich*,Independent
371,Schafer Condon Carter,Chicago,1422200,2.8,Schafer Condon Carter,Independent
372,GlobalWorks Group,New York,1420000,10.1,GlobalWorks Group,Independent
373,Rodgers Townsend* [Omnicom (DDB)],St. Louis,1411400,8.6,Rodgers Townsend* ,Omnicom (DDB)
374,Rockfish,"Rogers, Ark.",1410000,83.1,Rockfish,Independent
375,Cooney/Waters Group [Creston],New York,1408900,14.1,Cooney/Waters Group ,Creston
376,Global Advertising Strategies,New York,1400000,16.7,Global Advertising Strategies,Independent
377,Rivet* [Interpublic (DraftFCB)],Chicago,1400000,0.0,Rivet* ,Interpublic (DraftFCB)
378,Power Creative,"Louisville, Ky.",1393600,0.0,Power Creative,Independent
379,SBC Advertising,"Columbus, Ohio",1383200,3.6,SBC Advertising,Independent
380,LehmanMillet* [HealthStar Communications],Boston,1380000,4.5,LehmanMillet* ,HealthStar Communications
381,Biggs Gilmore,"Kalamazoo, Mich.",1369100,34.9,Biggs Gilmore,Independent
382,Hoffman York,Milwaukee,1368100,34.5,Hoffman York,Independent
383,MV42* [Publicis (SMG)],New York,1368000,20.0,MV42* ,Publicis (SMG)
384,French/West/Vaughan*,"Raleigh, N.C.",1360000,11.2,French/West/Vaughan*,Independent
385,Pereira & O'Dell [Grupo ABC],San Francisco,1360000,13.6,Pereira & O'Dell ,Grupo ABC
386,Marcus Thomas,Cleveland,1345400,20.8,Marcus Thomas,Independent
387,Lockard & Wechsler,"Irvington, N.Y.",1329600,6.3,Lockard & Wechsler,Independent
388,Riester,Phoenix,1324600,-1.2,Riester,Independent
389,Cole & Weber United* [WPP (United)],Seattle,1320000,20.0,Cole & Weber United* ,WPP (United)
390,Spark Communications* [Publicis (SMG)],Chicago,1320000,7.3,Spark Communications* ,Publicis (SMG)
391,Attik* [Dentsu (Dentsu Network West)],San Francisco,1300000,30.0,Attik* ,Dentsu (Dentsu Network West)
392,Duncan Channon,San Francisco,1300000,30.0,Duncan Channon,Independent
393,Oneupweb,"Traverse City, Mich.",1300000,9.4,Oneupweb,Independent
394,Tierney* [Interpublic],Philadelphia,1300000,0.0,Tierney* ,Interpublic
395,Hunter Public Relations,New York,1281000,27.7,Hunter Public Relations,Independent
396,Euro RSCG Worldwide PR* [Havas (Euro RSCG)],New York,1278000,6.5,Euro RSCG Worldwide PR* ,Havas (Euro RSCG)
397,RJ Palmer*,New York,1278000,6.5,RJ Palmer*,Independent
398,Hanson,"Maumee, Ohio",1270000,,Hanson,Independent
399,Firstborn* [Dentsu (Dentsu Network West)],New York,1250000,47.1,Firstborn* ,Dentsu (Dentsu Network West)
400,Zeno Group [Daniel J. Edelman],New York,1246900,24.0,Zeno Group ,Daniel J. Edelman
401,Ron Foth Advertising,"Columbus, Ohio",1232800,1.1,Ron Foth Advertising,Independent
402,GKV,Baltimore,1230000,3.8,GKV,Independent
403,RF Binder Partners [Ruder Finn Group],New York,1230000,5.9,RF Binder Partners ,Ruder Finn Group
404,Didit,"Mineola, N.Y.",1222500,-2.2,Didit,Independent
405,Covario,San Diego,1213300,,Covario,Independent
406,Bozell,"Omaha, Neb.",1210000,5.2,Bozell,Independent
407,Swanson Russell,"Lincoln, Neb.",1210000,-2.4,Swanson Russell,Independent
408,Blitz Agency,"Santa Monica, Calif.",1205400,76.7,Blitz Agency,Independent
409,Hanley Wood Marketing,Minneapolis,1202300,44.2,Hanley Wood Marketing,Independent
410,Concentric Pharma Advertising,New York,1200000,33.3,Concentric Pharma Advertising,Independent
411,Empathy Lab,"Conshohocken, Pa.",1200000,50.0,Empathy Lab,Independent
412,Entr�e Health* [Omnicom (CDM Group)],New York,1200000,20.0,Entr�e Health* ,Omnicom (CDM Group)
413,Lippe Taylor,New York,1200000,14.3,Lippe Taylor,Independent
414,Proof* [WPP (Y&R {Burson-Marsteller})],New York,1200000,6.7,Proof* ,WPP (Y&R {Burson-Marsteller})
415,Mastermind Marketing,Atlanta,1195000,7.2,Mastermind Marketing,Independent
416,Hitchcock Fleming & Associates,"Akron, Ohio",1193800,2.6,Hitchcock Fleming & Associates,Independent
417,Sullivan Higdon & Sink,"Wichita, Kan.",1184600,16.6,Sullivan Higdon & Sink,Independent
418,Peppercom,New York,1182600,-6.3,Peppercom,Independent
419,Capstrat,"Raleigh, N.C.",1180000,13.1,Capstrat,Independent
420,American Communications Group*,"Torrance, Calif.",1178000,,American Communications Group*,Independent
421,Via Group,"Portland, Maine",1175000,24.2,Via Group,Independent
422,Designkitchen* [WPP (Y&R {Wunderman})],Chicago,1174200,3.0,Designkitchen* ,WPP (Y&R {Wunderman})
423,Archer Malmo,"Memphis, Tenn.",1172500,24.9,Archer Malmo,Independent
424,SS&K*,New York,1170000,,SS&K*,Independent
425,Hirons & Co.,Indianapolis,1168600,17.2,Hirons & Co.,Independent
426,5W Public Relations,New York,1165400,3.0,5W Public Relations,Independent
427,St. John & Partners Advertising & PR,"Jacksonville, Fla.",1159500,-2.9,St. John & Partners Advertising & PR,Independent
428,Cranford Johnson Robinson Woods*,"Little Rock, Ark.",1149000,-8.1,Cranford Johnson Robinson Woods*,Independent
429,IW Group* [Interpublic],"West Hollywood, Calif.",1140700,-0.4,IW Group* ,Interpublic
430,O2 Ideas,"Birmingham, Ala.",1137700,-2.0,O2 Ideas,Independent
431,PJA Advertising & Marketing,"Cambridge, Mass.",1137700,-0.8,PJA Advertising & Marketing,Independent
432,Roberts Communications,"Rochester, N.Y.",1131000,-0.1,Roberts Communications,Independent
433,"Aloysius, Butler & Clark","Wilmington, Del.",1127900,2.0,"Aloysius, Butler & Clark",Independent
434,GlynnDevins Advertising & Marketing,"Overland Park, Kan.",1126400,-6.2,GlynnDevins Advertising & Marketing,Independent
435,Sigma Marketing Group,"Rochester, N.Y.",1122200,10.0,Sigma Marketing Group,Independent
436,Grafica,"Chester, N.J.",1120000,6.7,Grafica,Independent
437,Ruth [Daniel J. Edelman],New York,1113200,35.7,Ruth ,Daniel J. Edelman
438,CRT/Tanaka,"Richmond, Va.",1108200,7.0,CRT/Tanaka,Independent
439,Boathouse Group,"Waltham, Mass.",1100000,6.8,Boathouse Group,Independent
440,Lapiz USA* [Publicis (Leo Burnett)],Chicago,1100000,25.0,Lapiz USA* ,Publicis (Leo Burnett)
441,Saatchi & Saatchi Healthcare Innovations* [Publicis (PHCG)],"Yardley, Pa.",1100000,0.0,Saatchi & Saatchi Healthcare Innovations* ,Publicis (PHCG)
442,Machado Garcia Serra,Miami,1088600,8.3,Machado Garcia Serra,Independent
443,PBJS* [Publicis (MSL Group)],Seattle,1072800,96.4,PBJS* ,Publicis (MSL Group)
444,Acento,Los Angeles,1070900,22.2,Acento,Independent
445,Connelly Partners,Boston,1070000,12.6,Connelly Partners,Independent
446,Sloane & Co.* [MDC Partners],New York,1070000,,Sloane & Co.* ,MDC Partners
447,M. Booth & Associates* [Next Fifteen Communications Group],New York,1067500,,M. Booth & Associates* ,Next Fifteen Communications Group
448,Atrinsic Interactive*,New York,1065000,-49.0,Atrinsic Interactive*,Independent
449,Stephenz Group*,"San Jose, Calif.",1063000,7.0,Stephenz Group*,Independent
450,Adams & Knight Communications,"Avon, Conn.",1062500,11.1,Adams & Knight Communications,Independent
451,Bromley Communications* [Publicis],San Antonio,1061800,-31.0,Bromley Communications* ,Publicis
452,Fame* [Omnicom (TBWA)],Minneapolis,1060000,65.6,Fame* ,Omnicom (TBWA)
453,Godfrey,"Lancaster, Pa.",1050000,41.9,Godfrey,Independent
454,The Gate Worldwide* [Media Square],New York,1050000,5.0,The Gate Worldwide* ,Media Square
455,Wpromote,"El Segundo, Calif.",1050000,26.5,Wpromote,Independent
456,DMW Worldwide,"Chesterbrook, Pa.",1044300,6.2,DMW Worldwide,Independent
457,Lewis Communications,"Mobile, Ala.",1033600,23.9,Lewis Communications,Independent
458,Anthology Marketing Group,Honolulu,1033100,-3.5,Anthology Marketing Group,Independent
459,Slingshot*,Dallas,1031200,2.0,Slingshot*,Independent
460,Tris3ct,Chicago,1019600,64.5,Tris3ct,Independent
461,Deep Focus [Engine Group],New York,1019200,23.7,Deep Focus ,Engine Group
462,Beanstalk* [Omnicom],New York,1010000,8.7,Beanstalk* ,Omnicom
463,Threshold Interactive,"Culver City, Calif.",1008800,20.0,Threshold Interactive,Independent
464,Rhea & Kaiser Marketing Communications*,"Naperville, Ill.",1007500,-30.5,Rhea & Kaiser Marketing Communications*,Independent
465,Accentmarketing* [Interpublic],"Coral Gables, Fla.",1003700,-4.4,Accentmarketing* ,Interpublic
466,Brand in Hand,"Santa Monica, Calif.",1000000,66.7,Brand in Hand,Independent
467,Cannonball Advertising,St. Louis,1000000,0.0,Cannonball Advertising,Independent
468,Casanova Pendrill* [Interpublic (McCann)],"Costa Mesa, Calif.",1000000,0.0,Casanova Pendrill* ,Interpublic (McCann)
469,Concept Farm*,New York,1000000,-13.0,Concept Farm*,Independent
470,Evolution Bureau* [Omnicom],San Francisco,1000000,100.0,Evolution Bureau* ,Omnicom
471,Genuine Interactive,Boston,1000000,100.0,Genuine Interactive,Independent
472,Publicis Healthware International* [Publicis (PHCG)],"New York/Salerno, Italy",1000000,0.0,Publicis Healthware International* ,Publicis (PHCG)
473,Sarkissian Mason,New York,1000000,33.3,Sarkissian Mason,Independent
474,TPG* [Omnicom],Philadelphia,1000000,24.3,TPG* ,Omnicom
475,FKQ Advertising & Marketing,"Clearwater, Fla.",999400,0.7,FKQ Advertising & Marketing,Independent
476,WDFA Marketing*,San Francisco,999000,,WDFA Marketing*,Independent
477,Shift Communications,"Newton, Mass.",994800,-6.5,Shift Communications,Independent
478,Clarity Coverdale Fury,Minneapolis,990000,-3.9,Clarity Coverdale Fury,Independent
479,Seiden Group,New York,990000,6.8,Seiden Group,Independent
480,Bailey Lauerman,"Lincoln, Neb.",978700,0.8,Bailey Lauerman,Independent
481,Admerasia,New York,975000,-9.3,Admerasia,Independent
482,IQ,Atlanta,972600,2.2,IQ,Independent
483,Palisades Media Group*,"Santa Monica, Calif.",972000,16.1,Palisades Media Group*,Independent
484,Callahan Creek,"Lawrence, Kan.",970800,-8.2,Callahan Creek,Independent
485,InterTrend Communications,"Long Beach, Calif.",970000,-0.5,InterTrend Communications,Independent
486,Heinrich Marketing,Denver,961800,,Heinrich Marketing,Independent
487,McGarrah/Jessee,"Austin, Texas",961000,11.9,McGarrah/Jessee,Independent
488,DGWB Advertising & Communications,"Santa Ana, Calif.",960000,14.3,DGWB Advertising & Communications,Independent
489,Iris [Iris Worldwide],New York,960000,28.0,Iris ,Iris Worldwide
490,Fathom Online Marketing,"Valley View, Ohio",957500,16.4,Fathom Online Marketing,Independent
491,Trozzolo Communications Group,"Kansas City, Mo.",955400,8.2,Trozzolo Communications Group,Independent
492,Neiman Group,"Harrisburg, Pa.",950700,19.5,Neiman Group,Independent
493,"Howard, Merrell & Partners*","Raleigh, N.C.",945500,2.8,"Howard, Merrell & Partners*",Independent
494,Wing* [WPP (Grey)],New York,943000,15.0,Wing* ,WPP (Grey)
495,Kaplow Communications*,New York,940000,-1.1,Kaplow Communications*,Independent
496,Gardner Nelson & Partners,New York,930000,9.4,Gardner Nelson & Partners,Independent
497,Roberts & Langer DDB* [Omnicom (DDB)],New York,930000,17.7,Roberts & Langer DDB* ,Omnicom (DDB)
498,Tombras Group*,"Knoxville, Tenn.",930000,-1.6,Tombras Group*,Independent
499,Bodden Partners,New York,928400,-46.0,Bodden Partners,Independent
500,R2integrated,Baltimore,916700,15.4,R2integrated,Independent
501,Catalyst,"Rochester, N.Y.",916200,-3.6,Catalyst,Independent
502,CDR Fundraising Group,"Bowie, Md.",907900,-4.7,CDR Fundraising Group,Independent
503,LeadDog Marketing Group,New York,905200,31.6,LeadDog Marketing Group,Independent
504,Translation Consulting & Brand Imaging* [Interpublic],New York,900000,30.0,Translation Consulting & Brand Imaging* ,Interpublic
505,Phelps Group,"Santa Monica, Calif.",898300,9.3,Phelps Group,Independent
506,LM&O Advertising,"Arlington, Va.",897600,-2.9,LM&O Advertising,Independent
507,Premium Surge Promotions [RiverNorth Group (KB Holdings)],Chicago,896000,163.5,Premium Surge Promotions ,RiverNorth Group (KB Holdings)
508,Mendelsohn Zien Advertising* [Hakuhodo DY Holdings],Los Angeles,893500,-13.3,Mendelsohn Zien Advertising* ,Hakuhodo DY Holdings
509,La Comunidad,Miami,890000,8.5,La Comunidad,Independent
510,RPM Connect [D.L. Ryan Cos. (Ryan Partnership)],Minneapolis,882300,10.7,RPM Connect ,D.L. Ryan Cos. (Ryan Partnership)
511,Marlin Network,"Springfield, Mo.",880900,19.2,Marlin Network,Independent
512,206 Inc.,Seattle,880500,70.6,206 Inc.,Independent
513,Borshoff,Indianapolis,879400,23.2,Borshoff,Independent
514,Blitz,"Waltham, Mass.",872600,11.1,Blitz,Independent
515,Strategic America,"West Des Moines, Iowa",869600,2.4,Strategic America,Independent
516,Ames Scullin O'Haire,Atlanta,858000,4.0,Ames Scullin O'Haire,Independent
517,Allied Media Corp.,"Alexandria, Va.",850000,16.5,Allied Media Corp.,Independent
518,MicroMass Communications,"Cary, N.C.",850000,-15.0,MicroMass Communications,Independent
519,SMZ,"Troy, Mich.",850000,-3.5,SMZ,Independent
520,Fuse,St. Louis,836500,-1.5,Fuse,Independent
521,Davies*,"Santa Barbara, Calif.",836000,19.0,Davies*,Independent
522,Fry Hammond Barr*,"Orlando, Fla.",835000,1.8,Fry Hammond Barr*,Independent
523,Proof Advertising,"Austin, Texas",823600,15.3,Proof Advertising,Independent
524,Hal Lewis Group*,Philadelphia,821500,9.5,Hal Lewis Group*,Independent
525,Nicholson Kovac,"Kansas City, Mo.",820500,-32.5,Nicholson Kovac,Independent
526,Big Spaceship,"Brooklyn, N.Y.",820000,13.9,Big Spaceship,Independent
527,Garrigan Lyman Group*,Seattle,820000,18.8,Garrigan Lyman Group*,Independent
528,BeCore Promotions,Los Angeles,815000,63.0,BeCore Promotions,Independent
529,Carton Donofrio Partners,Baltimore,810900,1.7,Carton Donofrio Partners,Independent
530,GS&F,"Nashville, Tenn.",810000,-1.8,GS&F,Independent
531,Redscout* [MDC Partners],New York,810000,0.0,Redscout* ,MDC Partners
532,Source Communications,"Hackensack, N.J.",807900,15.7,Source Communications,Independent
533,Castells & Asociados,Los Angeles,806800,17.1,Castells & Asociados,Independent
534,Pedone & Partners,New York,800000,14.3,Pedone & Partners,Independent
535,Tinsley Advertising & Marketing*,Miami,798300,-6.4,Tinsley Advertising & Marketing*,Independent
536,Interlex Communications,San Antonio,795000,,Interlex Communications,Independent
537,Chandelier Creative,New York,790000,31.7,Chandelier Creative,Independent
538,Yaffe Group*,"Southfield, Mich.",790000,12.9,Yaffe Group*,Independent
539,Black Twig Communications,St. Louis,786000,13.9,Black Twig Communications,Independent
540,Footsteps* [Omnicom],New York,780000,0.0,Footsteps* ,Omnicom
541,FullSix [FullSix Group],Paris,778500,10.0,FullSix ,FullSix Group
542,Fullhouse,Milwaukee,776000,-26.8,Fullhouse,Independent
543,Vladimir Jones,"Colorado Springs, Colo.",775600,2.9,Vladimir Jones,Independent
544,Radarworks,Seattle,770000,-12.5,Radarworks,Independent
545,San Jose Group,Chicago,760900,0.5,San Jose Group,Independent
546,Charleston/Orwig,"Hartland, Wis.",759500,30.7,Charleston/Orwig,Independent
547,Crosby Marketing Communications,"Annapolis, Md.",754300,-12.7,Crosby Marketing Communications,Independent
548,E.B. Lane,Phoenix,750000,15.4,E.B. Lane,Independent
549,Gary Group,"Santa Monica, Calif.",750000,0.0,Gary Group,Independent
550,Horn Group,San Francisco,750000,23.0,Horn Group,Independent
551,Kelliher Samets Volk,"Burlington, Vt.",750000,-6.3,Kelliher Samets Volk,Independent
552,Donat/Wald & Haque*,"Santa Monica, Calif.",747000,,Donat/Wald & Haque*,Independent
553,Doe-Anderson,"Louisville, Ky.",739800,-16.7,Doe-Anderson,Independent
554,Acquirgy*,"St. Petersburg, Fla.",736200,-1.8,Acquirgy*,Independent
555,Siltanen & Partners Advertising*,"El Segundo, Calif.",735000,0.0,Siltanen & Partners Advertising*,Independent
556,Liggett-Stashower*,Cleveland,728500,-16.1,Liggett-Stashower*,Independent
557,Vox Collective,New York,725100,18.9,Vox Collective,Independent
558,Martino Flynn*,"Pittsford, N.Y.",720800,,Martino Flynn*,Independent
559,Nelson Schmidt,Milwaukee,720000,18.0,Nelson Schmidt,Independent
560,SicolaMartin* [WPP (Y&R)],"Austin, Texas",720000,0.1,SicolaMartin* ,WPP (Y&R)
561,Titan Agency,Atlanta,720000,-7.0,Titan Agency,Independent
562,ISM,Boston,715000,-13.3,ISM,Independent
563,Simantel Group*,"Peoria, Ill.",713000,17.6,Simantel Group*,Independent
564,Gotham Direct,New York,710300,20.1,Gotham Direct,Independent
565,LatinSphere,"Long Beach, Calif.",710000,10.9,LatinSphere,Independent
566,Response Mine Interactive,Atlanta,710000,9.7,Response Mine Interactive,Independent
567,Vizergy,"Jacksonville, Fla.",709100,16.9,Vizergy,Independent
568,Amalgamated*,New York,702000,,Amalgamated*,Independent
569,Moses Anshell,Phoenix,700000,-6.7,Moses Anshell,Independent
570,Pavone,"Harrisburg, Pa.",700000,12.9,Pavone,Independent
571,Signal to Noise* [Omnicom (TBWA)],San Francisco,700000,,Signal to Noise* ,Omnicom (TBWA)
572,Tocquigny,"Austin, Texas",700000,6.1,Tocquigny,Independent
573,Alinean,"Orlando, Fla.",698200,15.9,Alinean,Independent
574,Weston/Mason,"Santa Monica, Calif.",697500,-9.1,Weston/Mason,Independent
575,O'Leary & Partners,"Newport Beach, Calif.",690000,0.0,O'Leary & Partners,Independent
576,RDA International,New York,686600,-9.5,RDA International,Independent
577,NYCA,"Solana Beach, Calif.",686600,2.8,NYCA,Independent
578,Luquire George Andrews,"Charlotte, N.C.",685900,25.4,Luquire George Andrews,Independent
579,Milici Valenti Ng Pack,Honolulu,676700,3.6,Milici Valenti Ng Pack,Independent
580,Lambesis,"Carlsbad, Calif.",675700,0.5,Lambesis,Independent
581,White Horse*,"Portland, Ore.",675000,-11.8,White Horse*,Independent
582,Noise [Engine Group],New York,670000,,Noise ,Engine Group
583,Gelia,"Williamsville, N.Y.",669200,24.9,Gelia,Independent
584,D Exposito & Partners,New York,667000,16.0,D Exposito & Partners,Independent
585,Camelot Communications*,Dallas,666500,,Camelot Communications*,Independent
586,Nurun* [Quebecor Media],Montreal,666100,26.1,Nurun* ,Quebecor Media
587,Chernoff Newman,"Columbia, S.C.",660900,1.2,Chernoff Newman,Independent
588,LSF Network,San Francisco,656100,96.3,LSF Network,Independent
589,Babcock & Jenkins,"Portland, Ore.",655200,-9.7,Babcock & Jenkins,Independent
590,Slack and Company,Chicago,653100,45.5,Slack and Company,Independent
591,TaCito Direct Marketing,Dallas,650000,18.2,TaCito Direct Marketing,Independent
592,Two West,"Kansas City, Mo.",649500,-3.0,Two West,Independent
593,Media Horizons,"Norwalk, Conn.",647000,7.5,Media Horizons,Independent
594,Korey Kay & Partners,New York,641000,12.5,Korey Kay & Partners,Independent
595,Agency Q,Washington,640300,-13.4,Agency Q,Independent
596,Lopito Ileana & Howie,"Guaynabo, Puerto Rico",640200,17.8,Lopito Ileana & Howie,Independent
597,Bayshore Solutions,"Tampa, Fla.",640000,4.9,Bayshore Solutions,Independent
598,Mono* [MDC Partners],Minneapolis,640000,33.3,Mono* ,MDC Partners
599,Profero,New York,630000,53.7,Profero,Independent
600,Hiebing Group,"Madison, Wis.",625400,11.3,Hiebing Group,Independent
601,HMH,"Portland, Ore.",623200,14.2,HMH,Independent
602,Digital Pulp,New York,620000,10.7,Digital Pulp,Independent
603,Topin & Associates,Chicago,615000,5.1,Topin & Associates,Independent
604,Threespot,Washington,612500,27.6,Threespot,Independent
605,Stone Ward,"Little Rock, Ark.",611400,4.6,Stone Ward,Independent
606,BoomBox,New York,610000,125.9,BoomBox,Independent
607,Sundog,"Fargo, N.D.",610000,18.4,Sundog,Independent
608,GodwinGroup,"Jackson, Miss.",605300,12.6,GodwinGroup,Independent
609,Gold n Fish Marketing Group,"Armonk, N.Y.",600000,71.4,Gold n Fish Marketing Group,Independent
610,Kemp Goldberg Partners,"Portland, Maine",600000,17.6,Kemp Goldberg Partners,Independent
611,Republica,Miami,600000,33.3,Republica,Independent
612,Sourcebits,"Decatur, Ga.",600000,114.3,Sourcebits,Independent
613,Red Urban* [Omnicom],London,592900,7.4,Red Urban* ,Omnicom
614,Butler Till Media Services,"Rochester, N.Y.",589400,8.8,Butler Till Media Services,Independent
615,Keiler,"Farmington, Conn.",587700,15.9,Keiler,Independent
616,Preston Kelly,Minneapolis,586200,8.3,Preston Kelly,Independent
617,HealthStar PR [HealthStar Communications],New York,584300,15.3,HealthStar PR ,HealthStar Communications
618,Knock*,Minneapolis,581300,,Knock*,Independent
619,TDA Boulder,"Boulder, Colo.",580000,52.6,TDA Boulder,Independent
620,Media Logic,"Albany, N.Y.",578200,-33.5,Media Logic,Independent
621,KraftWorks NYC,New York,577500,-8.3,KraftWorks NYC,Independent
622,Johannes Leonardo* [WPP (WPP Digital)],New York,576000,6.7,Johannes Leonardo* ,WPP (WPP Digital)
623,Revolucion,New York,575000,5.5,Revolucion,Independent
624,White & Partners,"Herndon, Va.",570700,4.0,White & Partners,Independent
625,JA Integrated Thinking,"Brentwood, Tenn.",570400,-0.6,JA Integrated Thinking,Independent
626,Travers Collins & Co.,"Buffalo, N.Y.",563300,41.3,Travers Collins & Co.,Independent
627,Mortar,San Francisco,562700,7.9,Mortar,Independent
628,GreenRubino,Seattle,555300,-6.2,GreenRubino,Independent
629,RJDale Advertising & Public Relations*,Chicago,553100,0.0,RJDale Advertising & Public Relations*,Independent
630,NFusion Group,"Austin, Texas",552800,-9.1,NFusion Group,Independent
631,Red F,"Charlotte, N.C.",552000,1.0,Red F,Independent
632,Amazon Advertising* [Publicis],San Francisco,550000,27.9,Amazon Advertising* ,Publicis
633,HCB Health,"Austin, Texas",550000,37.5,HCB Health,Independent
634,Yamamoto Moss Mackenzie* [MDC Partners],Minneapolis,550000,10.0,Yamamoto Moss Mackenzie* ,MDC Partners
635,LeapFrog Interactive,"Louisville, Ky.",548500,-45.3,LeapFrog Interactive,Independent
636,Associated Integrated Marketing,"Wichita, Kan.",547700,-12.7,Associated Integrated Marketing,Independent
637,Baker Street Advertising*,San Francisco,542500,10.7,Baker Street Advertising*,Independent
638,Omelet*,Los Angeles,540000,3.4,Omelet*,Independent
639,S2 Financial Marketing,Chicago,540000,-8.5,S2 Financial Marketing,Independent
640,Hart Associates,"Maumee, Ohio",538900,0.2,Hart Associates,Independent
641,Elite SEM,New York,530000,112.0,Elite SEM,Independent
642,Suite Partners,Chicago,530000,307.7,Suite Partners,Independent
643,Winner & Associates* [Publicis (MSL Group)],Los Angeles,530000,0.0,Winner & Associates* ,Publicis (MSL Group)
644,EGC Group,"Melville, N.Y.",525000,2.9,EGC Group,Independent
645,Applicable Media,New York,520000,,Applicable Media,Independent
646,Red Bricks Media,San Francisco,520000,-13.7,Red Bricks Media,Independent
647,Catalyst Public Relations,New York,513500,12.3,Catalyst Public Relations,Independent
648,Canyon Communications,"Mesa, Ariz.",512500,11.4,Canyon Communications,Independent
649,Weintraub Advertising,St. Louis,510000,2.0,Weintraub Advertising,Independent
650,ES Advertising,Los Angeles,508700,62.0,ES Advertising,Independent
651,Mediasmith,San Francisco,500100,13.1,Mediasmith,Independent
652,AlPunto Advertising*,"Tustin, Calif.",500000,-16.7,AlPunto Advertising*,Independent
653,Being* [Omnicom (TBWA)],New York,500000,,Being* ,Omnicom (TBWA)
654,Boomerang Pharmaceutical Communications,"Montville, N.J.",500000,,Boomerang Pharmaceutical Communications,Independent
655,Brooklyn Brothers,New York,500000,22.0,Brooklyn Brothers,Independent
656,Magnani Continuum Marketing,Chicago,500000,1.0,Magnani Continuum Marketing,Independent
657,Meyocks Group*,"West Des Moines, Iowa",500000,-4.8,Meyocks Group*,Independent
658,Sullivan Perkins*,Dallas,500000,3.1,Sullivan Perkins*,Independent
659,Traction,San Francisco,500000,0.0,Traction,Independent
660,Terralever,"Tempe, Ariz.",499500,49.8,Terralever,Independent
661,Garrand,"Portland, Maine",499400,42.9,Garrand,Independent
662,ADK America [Asatsu-DK],New York,498800,21.3,ADK America ,Asatsu-DK
663,Rabinovici & Associates,"North Miami Beach, Fla.",498600,25.9,Rabinovici & Associates,Independent
664,Location3 Media,Denver,497700,31.0,Location3 Media,Independent
665,M/C/C,Dallas,497000,-1.3,M/C/C,Independent
666,Brighton Agency,St. Louis,495300,17.7,Brighton Agency,Independent
667,Aaaza,Los Angeles,495000,1.9,Aaaza,Independent
668,TargetCom* [MDC Partners],Chicago,495000,53.5,TargetCom* ,MDC Partners
669,Bandy Carroll Hellige Advertising,"Louisville, Ky.",494500,7.7,Bandy Carroll Hellige Advertising,Independent
670,Tenthwave Digital,"Melville, N.Y.",494100,60.4,Tenthwave Digital,Independent
671,1stMovement,"Pasadena, Calif.",491500,104.8,1stMovement,Independent
672,Red Door Interactive,San Diego,491000,16.3,Red Door Interactive,Independent
673,Dae Advertising,San Francisco,488900,55.7,Dae Advertising,Independent
674,Hello Design* [MDC Partners],"Culver City, Calif.",488700,11.7,Hello Design* ,MDC Partners
675,PriceWeber Marketing Communications,"Louisville, Ky.",482700,-21.2,PriceWeber Marketing Communications,Independent
676,Sanna Mattson MacLeod,"Smithtown, N.Y.",481200,30.6,Sanna Mattson MacLeod,Independent
677,EMG,"Valencia, Calif.",480000,20.5,EMG,Independent
678,Relevent* [MDC Partners],New York,480000,,Relevent* ,MDC Partners
679,Seiter & Miller,New York,480000,-7.7,Seiter & Miller,Independent
680,ESW Partners,Chicago,478600,-5.6,ESW Partners,Independent
681,R/P Marketing Public Relations,"Holland, Ohio",475000,22.1,R/P Marketing Public Relations,Independent
682,Barker/DZP,New York,470600,11.3,Barker/DZP,Independent
683,Miller Brooks,"Zionsville, Ind.",470500,29.8,Miller Brooks,Independent
684,Siboney USA* [Interpublic],"Coral Gables, Fla.",470000,0.0,Siboney USA* ,Interpublic
685,Cashman & Katz Integrated Communications,"Glastonbury, Conn.",468500,22.0,Cashman & Katz Integrated Communications,Independent
686,Red Square Agency,"Mobile, Ala.",468200,15.4,Red Square Agency,Independent
687,Mirrorball,New York,460000,2.4,Mirrorball,Independent
688,Trigger,Los Angeles,460000,29.6,Trigger,Independent
689,Nexus Direct,"Virginia Beach, Va.",457500,,Nexus Direct,Independent
690,Marca Hispanic [Marc USA],"Coconut Grove, Fla.",450100,-0.8,Marca Hispanic ,Marc USA
691,Bruce Clay,"Moorpark, Calif.",450000,13.4,Bruce Clay,Independent
692,E & M Advertising,New York,450000,,E & M Advertising,Independent
693,Fuseideas,"Somerville, Mass.",450000,50.0,Fuseideas,Independent
694,"Stiegler, Wells, Brunswick & Roth","Bethlehem, Pa.",450000,-10.0,"Stiegler, Wells, Brunswick & Roth",Independent
695,WFofR,"Richmond, Va.",450000,16.9,WFofR,Independent
696,Solomon Friedman Advertising,"Bloomfield Hills, Mich.",449200,4.0,Solomon Friedman Advertising,Independent
697,Love Communications,Salt Lake City,449100,11.8,Love Communications,Independent
698,iMarketing,"Princeton, N.J.",446100,-3.8,iMarketing,Independent
699,PanCom International*,Los Angeles,441000,-4.8,PanCom International*,Independent
700,Latin3,"Fort Lauderdale, Fla.",440000,0.0,Latin3,Independent
701,Mass Hispanic Marketing,"Doral, Fla.",437800,21.2,Mass Hispanic Marketing,Independent
702,Retail First,"Rolling Meadows, Ill.",437500,51.7,Retail First,Independent
703,Johnson Gray Advertising*,"Irvine, Calif.",434000,,Johnson Gray Advertising*,Independent
704,Hunt Adkins,Minneapolis,433700,8.0,Hunt Adkins,Independent
705,Beeby Clark & Meyler,"Irvington, N.Y.",430000,19.4,Beeby Clark & Meyler,Independent
706,Creative Civilization,San Antonio,430000,34.4,Creative Civilization,Independent
707,Gabriel deGrood Bendt,Minneapolis,430000,4.9,Gabriel deGrood Bendt,Independent
708,PM Publicidad,Atlanta,430000,13.2,PM Publicidad,Independent
709,Davis & Co.,Washington,423500,-12.5,Davis & Co.,Independent
710,Rocket XL [Vision7 International],Los Angeles,421400,29.2,Rocket XL ,Vision7 International
711,Shine Advertising Co.,"Madison, Wis.",420000,6.3,Shine Advertising Co.,Independent
712,CCFC Advertising,Chicago,414400,0.0,CCFC Advertising,Independent
713,Geppetto Group* [WPP],New York,412500,0.0,Geppetto Group* ,WPP
714,Bulldog Drummond*,San Diego,410000,0.0,Bulldog Drummond*,Independent
715,Glenn Group,"Reno, Nev.",410000,-2.4,Glenn Group,Independent
716,Hobbs/Herder Advertising,"Newport Beach, Calif.",410000,-1.2,Hobbs/Herder Advertising,Independent
717,Inventiva,San Antonio,410000,24.2,Inventiva,Independent
718,Spring O'Brien,New York,410000,-33.9,Spring O'Brien,Independent
719,Ignition Network*,Chicago,405000,5.5,Ignition Network*,Independent
720,M&C Saatchi,London,404500,-44.1,M&C Saatchi,Independent
721,Engine Company 1,San Francisco,400800,17.9,Engine Company 1,Independent
722,Two by Four,Chicago,400700,1.3,Two by Four,Independent
723,Centigrade,"Birmingham, Mich.",400000,,Centigrade,Independent
724,Spike DDB* [Omnicom (DDB)],"Brooklyn, N.Y.",400000,53.8,Spike DDB* ,Omnicom (DDB)
725,CreativeOnDemand*,"Coconut Grove, Fla.",396000,-5.7,CreativeOnDemand*,Independent
726,Zehnder Communications,New Orleans,392800,17.9,Zehnder Communications,Independent
727,Richter7,Salt Lake City,391800,18.9,Richter7,Independent
728,Matlock Advertising & Public Relations,Atlanta,391000,-5.1,Matlock Advertising & Public Relations,Independent
729,CooperKatz & Co.,New York,390900,13.7,CooperKatz & Co.,Independent
730,Copacino & Fujikado,Seattle,387300,1.7,Copacino & Fujikado,Independent
731,Darling*,New York,387000,,Darling*,Independent
732,PanaVista [D.L. Ryan Cos. (Ryan Partnership)],"Irving, Texas",386200,-23.0,PanaVista ,D.L. Ryan Cos. (Ryan Partnership)
733,Schermer,Minneapolis,382500,19.7,Schermer,Independent
734,MediaMorphosis,"Long Island City, N.Y.",382100,26.4,MediaMorphosis,Independent
735,Tiziani & Whitmyre,"Sharon, Mass.",380700,-10.5,Tiziani & Whitmyre,Independent
736,Squeaky Wheel Media,New York,380000,8.6,Squeaky Wheel Media,Independent
737,Stephan & Brady,"Madison, Wis.",380000,-14.8,Stephan & Brady,Independent
738,KD&E,New York,379800,-2.1,KD&E,Independent
739,LatinMedios.com,"Aventura, Fla.",376200,25.5,LatinMedios.com,Independent
740,Firehouse Agency,Dallas,375000,-9.9,Firehouse Agency,Independent
741,Gertrude,Chicago,375000,41.0,Gertrude,Independent
742,Orci,Los Angeles,373300,-22.6,Orci,Independent
743,Nemer Fieger*,Minneapolis,372000,43.4,Nemer Fieger*,Independent
744,Ozone Online,San Francisco,370000,4.6,Ozone Online,Independent
745,SKM Group,"Depew, N.Y.",369900,35.0,SKM Group,Independent
746,Mason*,"Bethany, Conn.",369700,1.3,Mason*,Independent
747,352 Media Group,"Newberry, Fla.",365800,-6.0,352 Media Group,Independent
748,Cultivator Advertising & Design,Denver,365100,12.1,Cultivator Advertising & Design,Independent
749,Littlefield,"Tulsa, Okla.",363700,0.7,Littlefield,Independent
750,Stratagem Healthcare Communications*,San Francisco,362500,14.7,Stratagem Healthcare Communications*,Independent
751,Perich & Partners,"Ann Arbor, Mich.",360000,12.5,Perich & Partners,Independent
752,VSBrooks Advertising,"Coral Gables, Fla.",360000,12.5,VSBrooks Advertising,Independent
753,Digiknow,Cleveland,358800,-32.4,Digiknow,Independent
754,Kilgannon,Atlanta,351300,-15.0,Kilgannon,Independent
755,Masterminds,"Egg Harbor Township, N.J.",350400,-15.5,Masterminds,Independent
756,Elevacion,Washington,350000,-2.8,Elevacion,Independent
757,Euro RSCG Worldwide Strat Farm* [Havas (Euro RSCG)],New York,350000,150.0,Euro RSCG Worldwide Strat Farm* ,Havas (Euro RSCG)
758,GRP Media,Chicago,350000,,GRP Media,Independent
759,Social Media Group,Toronto,350000,94.4,Social Media Group,Independent
760,N-tara Interactive,"Johnson City, Tenn.",346000,-1.4,N-tara Interactive,Independent
761,ME&V,"Cedar Falls, Iowa",343700,1.0,ME&V,Independent
762,Launch Agency,"Carrollton, Texas",342500,21.2,Launch Agency,Independent
763,Agent 16,New York,340000,-51.4,Agent 16,Independent
764,Alexander Marketing*,"Grand Rapids, Mich.",340000,-0.7,Alexander Marketing*,Independent
765,Gravity Media,New York,340000,,Gravity Media,Independent
766,Hoffman Agency,"San Jose, Calif.",340000,0.0,Hoffman Agency,Independent
767,"Tom, Dick & Harry Advertising",Chicago,335000,1.5,"Tom, Dick & Harry Advertising",Independent
768,Brogan Tennyson Group,Atlanta,330000,,Brogan Tennyson Group,Independent
769,Downtown Partners Chicago* [Omnicom],Chicago,330000,1.0,Downtown Partners Chicago* ,Omnicom
770,Jar Group,"Brooklyn, N.Y.",330000,6.5,Jar Group,Independent
771,Middleberg Communications,New York,330000,22.2,Middleberg Communications,Independent
772,Bradshaw Advertising,"Portland, Ore.",329000,-6.6,Bradshaw Advertising,Independent
773,LKM*,"Charlotte, N.C.",328700,17.5,LKM*,Independent
774,Robinson & Maites,Chicago,326800,36.2,Robinson & Maites,Independent
775,Porcaro Communications*,"Anchorage, Alaska",325500,,Porcaro Communications*,Independent
776,Bell Pottinger Group [Chime Communications],"Tampa, Fla.",318500,-45.0,Bell Pottinger Group ,Chime Communications
777,Nail Communications*,"Providence, R.I.",317800,2.5,Nail Communications*,Independent
778,Grafik Marketing Communications,"Alexandria, Va.",317500,-11.6,Grafik Marketing Communications,Independent
779,Underscore Marketing,New York,312800,35.4,Underscore Marketing,Independent
780,Innis Maggiore,"Canton, Ohio",311900,4.5,Innis Maggiore,Independent
781,E-storm International,San Francisco,311800,5.4,E-storm International,Independent
782,Turkel*,Miami,310000,3.3,Turkel*,Independent
783,McKee Wallwork Cleveland,"Albuquerque, N.M.",309200,9.8,McKee Wallwork Cleveland,Independent
784,Fly Communications,New York,305000,-67.1,Fly Communications,Independent
785,Michael Walters Advertising,Chicago,302000,101.3,Michael Walters Advertising,Independent
786,MDB Communications,Washington,301600,5.3,MDB Communications,Independent
787,Time Advertising,"Millbrae, Calif.",300900,-26.9,Time Advertising,Independent
788,Ad Store,New York,300000,-9.3,Ad Store,Independent
789,Agency 51,"Anaheim, Calif.",300000,50.0,Agency 51,Independent
790,Beattie McGuinness Bungay [Cheil Worldwide],New York,300000,,Beattie McGuinness Bungay ,Cheil Worldwide
791,Dojo [Grupo ABC],San Francisco,300000,,Dojo ,Grupo ABC
792,Escape Pod,Chicago,300000,50.0,Escape Pod,Independent
793,FPO Multicultural Marketing,San Antonio,300000,36.4,FPO Multicultural Marketing,Independent
794,Neighbor* [Emak Worldwide],"Santa Monica, Calif.",300000,50.0,Neighbor* ,Emak Worldwide
795,RP3 Agency,"Bethesda, Md.",300000,,RP3 Agency,Independent
796,Saeshe,Los Angeles,300000,,Saeshe,Independent
797,K. Fernandez & Associates,San Antonio,299700,-7.0,K. Fernandez & Associates,Independent
798,Glass Agency,"Sacramento, Calif.",298300,5.9,Glass Agency,Independent
799,Colman Brohan Davis,Chicago,296700,-22.9,Colman Brohan Davis,Independent
800,Asher Media,"Addison, Texas",294500,5.4,Asher Media,Independent
801,Boelter & Lincoln*,Milwaukee,294000,,Boelter & Lincoln*,Independent
802,Chemistry Communications,Pittsburgh,293100,28.5,Chemistry Communications,Independent
803,Viva Partnership,Miami,290000,0.0,Viva Partnership,Independent
804,Backe Digital Brand Marketing,"Radnor, Pa.",289800,-2.7,Backe Digital Brand Marketing,Independent
805,Holtzman Communications*,New York,280000,0.0,Holtzman Communications*,Independent
806,Brandner Communications*,"Federal Way, Wash.",279000,,Brandner Communications*,Independent
807,Mindpower,Atlanta,277200,37.0,Mindpower,Independent
808,Acropolis,"Orlando, Fla.",270000,3.8,Acropolis,Independent
809,Ventura Associates,New York,264500,0.0,Ventura Associates,Independent
810,Portent Interactive,"Tukwila, Wash.",263300,30.6,Portent Interactive,Independent
811,Meyer & Wallis,Milwaukee,262700,-7.5,Meyer & Wallis,Independent
812,U.S. Media Consulting,Miami,261500,-12.2,U.S. Media Consulting,Independent
813,RLR Advertising & Marketing*,"Pasadena, Calif.",261000,-3.3,RLR Advertising & Marketing*,Independent
814,Mad 4 Marketing,"Fort Lauderdale, Fla.",260000,,Mad 4 Marketing,Independent
815,Sensis Agency,Los Angeles,252900,-11.3,Sensis Agency,Independent
816,Crossbow Group,"Westport, Conn.",252500,12.2,Crossbow Group,Independent
817,PriMedia,"Warwick, R.I.",251100,23.3,PriMedia,Independent
818,AYDigital,New York,250000,108.3,AYDigital,Independent
819,Remerinc*,Seattle,250000,-16.7,Remerinc*,Independent
820,Renegade,New York,250000,-16.7,Renegade,Independent
821,HeadQuarters Multicultural Visioneering,San Francisco,245100,-18.3,HeadQuarters Multicultural Visioneering,Independent
822,Leopold Ketel & Partners,"Portland, Ore.",240900,-5.6,Leopold Ketel & Partners,Independent
823,Anderson Communications,Atlanta,240000,-4.0,Anderson Communications,Independent
824,KZS Advertising,"Smithtown, N.Y.",240000,0.0,KZS Advertising,Independent
825,Creative Department,Cincinnati,238400,-24.9,Creative Department,Independent
826,LaGrant Communications,Los Angeles,238000,-0.3,LaGrant Communications,Independent
827,Submit Express,"Burbank, Calif.",237500,-23.4,Submit Express,Independent
828,Munn Rabot*,New York,234000,-13.8,Munn Rabot*,Independent
829,Freshbrick*,"Holbrook, N.Y.",232500,,Freshbrick*,Independent
830,Shaw Co.,St. Louis,230000,35.3,Shaw Co.,Independent
831,Walz Tetrick Advertising,"Mission, Kan.",226100,0.1,Walz Tetrick Advertising,Independent
832,GCG Marketing,"Fort Worth, Texas",225200,-46.5,GCG Marketing,Independent
833,CTI Media*,Atlanta,224900,11.3,CTI Media*,Independent
834,Blanchard Schaefer Advertising & Public Relations,"Fort Worth, Texas",220000,10.5,Blanchard Schaefer Advertising & Public Relations,Independent
835,Plan C Agency,Los Angeles,220000,74.6,Plan C Agency,Independent
836,Walker Sands Communications,Chicago,220000,10.0,Walker Sands Communications,Independent
837,Rotter Group*,"Laguna Beach, Calif.",216000,,Rotter Group*,Independent
838,"Catalano, Lellos & Silverstein",New York,210000,-12.5,"Catalano, Lellos & Silverstein",Independent
839,Fusion B2B,"Naperville, Ill.",210000,11.0,Fusion B2B,Independent
840,Richards/Carlberg [Richards Group],Houston,210000,-8.7,Richards/Carlberg ,Richards Group
841,Thunder Tech,Cleveland,210000,16.7,Thunder Tech,Independent
842,Coates Kokes,"Portland, Ore.",208500,7.8,Coates Kokes,Independent
843,Goda Advertising,"Inverness, Ill.",200300,52.8,Goda Advertising,Independent
844,Borenstein Group,"Reston, Va.",200000,-4.8,Borenstein Group,Independent
845,CHI & Partners* [WPP],London/New York,200000,42.9,CHI & Partners* ,WPP
846,Glyphix Advertising*,"West Hills, Calif.",200000,0.0,Glyphix Advertising*,Independent
847,Villing & Co.,"South Bend, Ind.",196500,10.0,Villing & Co.,Independent
848,Truth Agency,"Santa Ana, Calif.",193400,53.5,Truth Agency,Independent
849,Freebairn & Co.,Atlanta,190000,-17.4,Freebairn & Co.,Independent
850,Tipton & Maglione,"Great Neck, N.Y.",190000,-7.2,Tipton & Maglione,Independent
851,Siddall,"Richmond, Va.",188200,0.4,Siddall,Independent
852,Bandujo Advertising & Design*,New York,186000,,Bandujo Advertising & Design*,Independent
853,Robinson Radio*,"Glen Allen, Va.",186000,,Robinson Radio*,Independent
854,Trumpet,New Orleans,186000,13.7,Trumpet,Independent
855,Martz Agency*,"Scottsdale, Ariz.",174000,-6.3,Martz Agency*,Independent
856,CCT Advertising,Denver,174000,27.1,CCT Advertising,Independent
857,TotalCom*,"Tuscaloosa, Ala.",170500,0.8,TotalCom*,Independent
858,Penny/Ohlmann/Neiman,"Dayton, Ohio",169100,-10.0,Penny/Ohlmann/Neiman,Independent
859,Red7e,"Louisville, Ky.",166800,-25.9,Red7e,Independent
860,CGSM,"Wilton, Conn.",161000,18.8,CGSM,Independent
861,Turbine Boost*,"Southport, Conn.",155500,-8.8,Turbine Boost*,Independent
862,Foster Marketing Communications,"Lafayette, La.",154400,-5.1,Foster Marketing Communications,Independent
863,Lortz Direct Marketing,"Omaha, Neb.",152600,-8.9,Lortz Direct Marketing,Independent
864,BrandForce/KLM,San Francisco,150000,-83.1,BrandForce/KLM,Independent
865,Grok,New York,150000,87.5,Grok,Independent
866,Integrity Corporation,St. Louis,150000,36.4,Integrity Corporation,Independent
867,LiveAreaLabs,Seattle,150000,328.6,LiveAreaLabs,Independent
868,Touchdown Media,"Metuchen, N.J.",150000,15.4,Touchdown Media,Independent
869,Vizeum* [Aegis Group],New York,150000,,Vizeum* ,Aegis Group
870,"Latorra, Paul & McCann Advertising","Syracuse, N.Y.",147900,-37.8,"Latorra, Paul & McCann Advertising",Independent
871,Makin' It Work Pronto*,"Winston-Salem, N.C.",144000,,Makin' It Work Pronto*,Independent
872,ASB Communications,New York,140000,7.7,ASB Communications,Independent
873,Emerge Interactive,"Portland, Ore.",140000,71.4,Emerge Interactive,Independent
874,Emerging Marketing,"Columbus, Ohio",140000,16.7,Emerging Marketing,Independent
875,Ideal Promotions,Chicago,140000,0.0,Ideal Promotions,Independent
876,Jones Advertising,Seattle,140000,66.7,Jones Advertising,Independent
877,Turnpost,"Omaha, Neb.",140000,1.4,Turnpost,Independent
878,Goodman Marketing Partners,"San Rafael, Calif.",132500,-7.1,Goodman Marketing Partners,Independent
879,Arends*,"Batavia, Ill.",132000,,Arends*,Independent
880,ScreenPlay InterActive,"Clark, N.J.",130000,,ScreenPlay InterActive,Independent
881,Marquardt & Roche and Partners,"Stamford, Conn.",127700,16.4,Marquardt & Roche and Partners,Independent
882,Mutt Industries,"Portland, Ore.",125500,70.7,Mutt Industries,Independent
883,N&A Advertising,Atlanta,125000,0.0,N&A Advertising,Independent
884,Imulus,"Boulder, Colo.",124000,50.3,Imulus,Independent
885,Hogan Co.,"Knoxville, Tenn.",120000,33.3,Hogan Co.,Independent
886,Vizion Interactive*,"Clearwater Beach, Fla.",120000,14.3,Vizion Interactive*,Independent
887,Mandala,"Bend, Ore.",113400,9.4,Mandala,Independent
888,Huntsinger & Jeffer,"Richmond, Va.",110000,-9.0,Huntsinger & Jeffer,Independent
889,LevelTen Interactive,Dallas,110000,-21.4,LevelTen Interactive,Independent
890,Ten Advertising*,Los Angeles,110000,-0.1,Ten Advertising*,Independent
891,T.D. Wang Advertising Group,Seattle,92100,232.5,T.D. Wang Advertising Group,Independent
892,Lalich Resources,"Grant Park, Ill.",90800,0.2,Lalich Resources,Independent
893,Spitfire Interactive*,"Westport, Conn.",90800,,Spitfire Interactive*,Independent
894,Hydrogen Advertising,Seattle,88700,-21.4,Hydrogen Advertising,Independent
895,White Good,"Lancaster, Pa.",87600,-53.1,White Good,Independent
896,WalkerTek Interactive Marketing,"Fairfield, N.J.",85700,-21.6,WalkerTek Interactive Marketing,Independent
897,Kinzie & Green,"Wausau, Wis.",73100,-22.6,Kinzie & Green,Independent
898,Doug Shouse Marketing*,"Winston-Salem, N.C.",72000,,Doug Shouse Marketing*,Independent
899,Beyond Total Branding,Miami,70800,9.4,Beyond Total Branding,Independent
900,ENA Healthcare Communications,"Fair Haven, N.J.",70000,0.0,ENA Healthcare Communications,Independent
901,Mobext* [Havas (Havas Media)],Boston,68400,3.7,Mobext* ,Havas (Havas Media)
902,Flying A Media*,"Sausalito, Calif.",62000,,Flying A Media*,Independent
903,I Imagine Studio*,"Evanston, Ill.",62000,,I Imagine Studio*,Independent
904,Barbeau-Hutchings Advertising,"Shelton, Conn.",60000,20.0,Barbeau-Hutchings Advertising,Independent
905,Mighty Fudge Studios,"Boulder, Colo.",60000,50.0,Mighty Fudge Studios,Independent
906,.Com Marketing,"Winter Park, Fla.",57000,16.4,.Com Marketing,Independent
907,Condon & Root,"Barrington, Ill.",55000,-69.4,Condon & Root,Independent
908,LP&G,"Tucson, Ariz.",50100,-14.9,LP&G,Independent
909,Tri-State Advertising Co.,"Warsaw, Ind.",44900,-12.3,Tri-State Advertising Co.,Independent
910,Griff/SMC Marketing Communications,"Boulder, Colo.",35000,-30.0,Griff/SMC Marketing Communications,Independent
911,Icube-New York,New York,35000,0.0,Icube-New York,Independent
912,:30 Segundos,New York,34000,41.7,:30 Segundos,Independent
913,Hudson Media Services,New York,31000,93.8,Hudson Media Services,Independent
914,Bluberries Advertising,"Garfield, N.J.",25000,,Bluberries Advertising,Independent
915,Dirigo Agency,"Rockville, Md.",25000,150.0,Dirigo Agency,Independent
916,Jackie Zambrano,"Doral, Fla.",25000,,Jackie Zambrano,Independent
